strain,insertion: 133bp @ ref pos 0,insertion: 1bp @ ref pos 10,insertion: 1bp @ ref pos 19,insertion: 7bp @ ref pos 33,insertion: 1bp @ ref pos 756,insertion: 1bp @ ref pos 762,insertion: 2bp @ ref pos 1741,insertion: 1bp @ ref pos 3734,insertion: 1bp @ ref pos 3755,insertion: 1bp @ ref pos 6318,insertion: 3bp @ ref pos 6991,insertion: 3bp @ ref pos 7223,insertion: 1bp @ ref pos 7656,insertion: 9bp @ ref pos 9948,insertion: 1bp @ ref pos 10012,insertion: 1bp @ ref pos 10159,insertion: 1bp @ ref pos 10166,insertion: 1bp @ ref pos 10281,insertion: 37bp @ ref pos 10406,insertion: 1bp @ ref pos 10442,insertion: 1bp @ ref pos 10459,insertion: 1bp @ ref pos 10462,insertion: 12bp @ ref pos 10469,insertion: 1bp @ ref pos 10477,insertion: 1bp @ ref pos 10487,insertion: 4bp @ ref pos 10492,insertion: 1bp @ ref pos 10502,insertion: 1bp @ ref pos 10564,insertion: 1bp @ ref pos 10621,insertion: 1bp @ ref pos 10664,insertion: 7bp @ ref pos 10729,insertion: 1bp @ ref pos 10788,insertion: 1bp @ ref pos 10819,insertion: 1bp @ ref pos 10821,insertion: 6bp @ ref pos 10828,insertion: 1bp @ ref pos 10846,insertion: 1bp @ ref pos 10876,insertion: 1bp @ ref pos 10892,insertion: 1bp @ ref pos 10907,insertion: 1bp @ ref pos 10915,insertion: 1bp @ ref pos 10932,insertion: 2bp @ ref pos 11013,insertion: 36bp @ ref pos 11029
PP_0000A0Q.3,CAGAAGGTG,,,,,,,,,,,,,,,,,,,,,,,,,,,,,,,,,,,,,,,,,,
PP_0008LD6.3,A,,,,,,,,,,,,,,,,,,,,,,,,,,,,,,,,,,,,,,,,,,
PP_0000GDS.3,GGGCTTCCCGTTTTTTAGCATATTGCCCCCCCGCCTCTGGCGGGGCCCTCCTGGTTTCTTAGACATCGAGATCTTCGTGCTAAGAAACAGCTCGCACTGTGTTAATTGTTGTTAATCCTCACAAACACTACTA,,,,,,,,,,,,,,,,,,,,,,,,,,,,,,,,,,,,,,,,,,AACACAAAGTTT
PP_0008KSE.3,CCTATCCCCTGTGTGCCTTGCCTATCCCCTGTTGCGTGTCTC,,,,,,,,,,,,,,,,,,,,,,,,,,,,,,,,,,,,,,,,,,
PP_0003HTQ.3,TTTCTTAGACATTGAGATCTTCGTGCTAAGA,A,,,,,,,,,,,,,,,,,,,,,,,,,,,,,,,,,,,,,,,,,
PP_0001H0F.3,G,,,,,,,,,,,,,,,,,,,,,,,,,,,,,,,,,,,,,,,,,,
PP_00026YT.2,G,,,,,,,,,,CGA,,,,,,,,GCTGTATTGAGTAGTTGTATAGTTGTA,,,A,,,,TTT,G,,,,,,,,,,,,,,,,
PP_00027JL.2,G,,,,,,,,,,CGA,,,,,,,,GCTGTATTGAGTAGTTGTATAGTTGTA,,,A,,,,TTT,G,,,,,,,,,,,,,,,,
PP_00027ZQ.2,G,,,,,,,,,,CGA,,,,,,,,GCTGTATTGAGTAGTTGTATAGTTGTA,,,A,,,,TTT,G,,,,,,,,,,,,,,,C,
PP_00027B1.2,G,,,,,,,,,,CGA,,,,,,,,GCTGTATTGAGTAGTTGTATAGTTGTA,,,A,,,,TTT,G,,,,,,,,,,,,,,,C,TCTTTCCCCGCTGATTCCGCCAAGCCC
PP_00031S8.3,TGGCGGGCTTTACTATCTTGCTTG,,,,,,,,,,CGA,,,,,,,,GCTGTGTTGAGTAGTTGTATAGCTGTA,,,A,,,,ATT,G,,,,,,,,,,,,,,,,
PP_0002XAD.3,GG,,,,,,,,,,CGA,,,,,,,,GCTGTATTGAGTAGTTGTATAGTTGTA,,,A,,,,TTT,G,,,,,,,,,,,,,,,C,TCTTTCCCCGCTGATTCCGCCAAGCCC
PP_000271M.2,GG,,,,,,,,,,CGA,,,,,,,,GCTGTATTGAGTAGTTGTATAGTTGTA,,,A,,,,TTT,G,,,,,,,,,,,,,,,C,TCTTTCCCCGCTGATTCCGCCAAGCCC
PP_00027EV.2,GG,,,,,,,,,,CGA,,,,,,,,GCTGTATTGAGTAGTTGTATAGTTGTA,,,A,,,,TTT,G,,,,,,,,,,,,,,,,
PP_00031YW.3,CCACG,,,,,,,,,,CGA,,,,,,,,GCTGTATTGAGTAGTTGTATAGTTGTA,,,A,,,,TTT,G,,,,,,,,,,,,,,,C,
PP_00031ZU.3,CCACG,,,,,,,,,,CGA,,,,,,,,GCTGTATTGAGTAGTTGTATAGTTGTA,,,A,,,,TTT,G,,,,,,,,,,,,,,,C,
PP_000320S.3,CCACG,,,,,,,,,,CGA,,,,,,,,GCTGTATTGAGTAGTTGTATAGTTGTA,,,A,,,,TTT,G,,,,,,,,,,,,,,,C,
PP_0003E1C.3,,,C,,,,,,,,CGA,,,,,,,,GCTGTATTGAGTAGTTGTATAGTTGTA,,,A,,,,TTT,G,,,,,,,,,,,,,,,,
PP_0008MZY.3,,,,CTC,,,,,,,,,,,,,,,,,,,,,,,,,,,,,,,,,,,,,,,
PP_0008L6L.3,,,,TGTTATC,,,,,,,,,,,,,,,,,,,,,,,,,,,,,,,,,,,,,,,
PP_0002BN8.3,,,,,C,A,,,,C,,,,,,,,,,,,,,,,,,,,,,,,,,,,,,,,,
PP_0002AKF.3,,,,,C,A,,,,C,,,,,,,,,,,,A,G,,,,,,,,,,,,,,,,,,,,
PP_0002ATZ.3,,,,,C,A,,,,C,,,,,,,,,,,,,,,,,,,,,,,,,,,,,,,,,
PP_0000HJE.3,,,,,,,GT,,,,,ACT,,,,A,C,G,,,,,,,,,,,,,,,,G,,,,,,,,,
PP_0003L7U.3,,,,,,,,G,G,,,,,,,,,,,,,,,,,,,,,,,,,,,,,,,,,,
PP_0002BTY.3,,,,,,,,,,C,,,T,,,,,,,,,,,,,,,,,,,,,,,,,,,,,,
PP_0000CUZ.3,,,,,,,,,,,CGA,,,,,,,,GCTGTATTGAGTAGTTGTATA,,,A,,,,ATC,G,,,,,,,,,,,,,,,,
PP_0001ZHY.3,,,,,,,,,,,CGA,,,,,,,,GCTGTATTGAGTAGTTGTATAGTTGTA,,,A,,,,ACT,G,,,,,,,,,,,,,,,,
PP_00020HV.3,,,,,,,,,,,CGA,,,,,,,,GCTGTATTGAGTAGTTGTATAGTTGTA,,,A,,,,ATT,G,,,,,,,,,,,,,,,,
PP_0003HSS.3,,,,,,,,,,,CGA,,,,,,,,,,,,,,,,,,,,,,,,,,,,,,,,
PP_000JNXE.3,,,,,,,,,,,CGA,,,,,,,,GCTGTATTGAGTAGTTGTATAGTTGTA,,,A,,,,ATT,G,,,,,,,,,,,,,,,RR,
PP_000JTTH.3,,,,,,,,,,,CGA,,,,,,,,,,,,,,,,,,,,,,,,,,,,,,,,
PP_000JGXL.3,,,,,,,,,,,CGA,,,,,,,,GCTGTATTGAGTAGTTGTATAGTTGTA,,,A,,,,ATT,G,,,,,,,,,,,,,,,RR,
PP_0000FQ4.3,,,,,,,,,,,CGA,,,,,,,,GCTGTATTGAGTAGTTGTATAGTTGTA,,,,,,,,G,,,,,,,,,,,,,,,,
PP_000JBCW.3,,,,,,,,,,,CGA,,,,,,,,GCTGTATTGAGTAGTTGTATAGTTGTA,,,A,,,,ATT,G,,,,,,,,,,,,,,,,
PP_0003GBQ.3,,,,,,,,,,,CGA,,,,,,,,GCTGTATTGAGTAGTTGTATAGTTGTA,,,A,,,,ATT,G,,,,,,,,,,,,,,,,
PP_0003GAS.3,,,,,,,,,,,CGA,,,,,,,,GCTGTATTGAGTAGTTGTATAGTTGTA,,,A,,,,ATT,G,,,,,,,,,,,,,,,,
PP_0003LWF.3,,,,,,,,,,,CGA,,,,,,,,,,,,,,,,,,,,,,,,,,,,,,,,
PP_0003LXD.3,,,,,,,,,,,CGA,,,,,,,,,,,,,,,,,,,,,,,,,,,,,,,,
PP_0003LYB.3,,,,,,,,,,,CGA,,,,,,,,,,,,,,,,,,,,,,,,,,,,,,,,
PP_0003LZ9.3,,,,,,,,,,,CGA,,,,,,,,,,,,,,,,,,,,,,,,,,,,,,,,
PP_0003M23.3,,,,,,,,,,,CGA,,,,,,,,,,,,,,,,,,,,,,,,,,,,,,,,
PP_0003M4Z.3,,,,,,,,,,,CGA,,,,,,,,,,,,,,,,,,,,,,,,,,,,,,,,
PP_0003M07.3,,,,,,,,,,,CGA,,,,,,,,,,,,,,,,,,,,,,,,,,,,,,,,
PP_000HVKZ.3,,,,,,,,,,,CGA,,,,,,,,GCTGTATTGAGTAGTTGTATAGTTGTA,,,A,,,,ATT,G,,,,,,,,,,,,,,,,
PP_0003G9U.3,,,,,,,,,,,CGA,,,,,,,,,,,A,,,,ATT,G,,,,,,,,,,,,,,,,
PP_0003M5X.3,,,,,,,,,,,CGA,,,,G,,,,,,,,,,,,,,,,,,,,,,,,,,,,
PP_0003LBL.3,,,,,,,,,,,CGA,,,,,,,,,,,,,,,,,,,,,,,,,,,,,,,,
PP_0003M15.3,,,,,,,,,,,CGA,,,,,,,,,,,,,,,,,,,,,,,,,,,,,,,,
PP_0003ASZ.3,,,,,,,,,,,CGA,,,,,,,,,,,A,,,,ATT,G,,,,,,,,,,,,,,,,
PP_00018FU.3,,,,,,,,,,,CGA,,,,,,,,GCTGTATTGAGTAGTTGCACAGTTGTA,,,A,,,,ATT,G,,,,,,,,,,,,,,,,
PP_000JNZA.3,,,,,,,,,,,CGA,,,,,,,,GCTGTATTGAGTAGTTGCATAGTTGTA,,,A,,,,ATT,G,,,,,,,,,,,,,,,RR,
PP_000JBDU.3,,,,,,,,,,,CGA,,,,,,,,GCTGTATTGAGTAGTTGCATAGTTGTA,,,A,,,,ATT,G,,,,,,,,,,,,,,,,
PP_000JP08.3,,,,,,,,,,,CGA,,,,,,,,GCTGTATTGAGTAGTTGCATAGTTGTA,,,A,,,,ATT,G,,,,,,,,A,,,,,,,RR,
PP_0008CFA.3,,,,,,,,,,,CGA,,,,,,,,GCTGTGTTGAGTAGTGATATAGTTGTA,,,A,,,,ATT,G,,,,,,,,,,,,,,,,
PP_00017S6.3,,,,,,,,,,,CGA,,,,,,,,GCTGTGTTGAGTAGTTGTATAGTTGTA,,,A,,,,ACT,G,,,,,,,,,,,,,,,,
PP_0002XBB.3,,,,,,,,,,,CGA,,,,,,,,GCTGTGTTGAGTAGTTGTATAGTTGTA,,,A,,,,ATT,G,,,,,,,,,,,,,,,,
PP_0003BCT.3,,,,,,,,,,,CGA,,,,,,,,GCTGTGTTGAGTAGTTGTATAGTTGTA,,,A,,,,ATT,G,,,,,,,,,,,,,,,,
PP_0002XC9.3,,,,,,,,,,,CGA,,,,,,,,GCTGTGTTGAGTAGTTGTATAGTTGTA,,,A,,,,ACT,G,,,,,,,,,,,,,,,,
PP_0004CVP.3,,,,,,,,,,,CGA,,,,,,,,GCTGTGTTGAGTAGTTGTATAGTTGTA,,,A,,,,ACT,G,,,,,,,,,,,,,,,,
PP_0004CXK.3,,,,,,,,,,,CGA,,,,,,,,GCTGTGTTGAGTAGTTGTATTGTTGTA,,,A,,,,ACT,G,,,,,,,,,,,,,,,,
PP_000310T.3,,,,,,,,,,,CGA,,,,,,,,GCTGTGTTGAGTAGTTGTATAGTTGTA,,,A,,,,ACT,G,,,,,,,,,,,,,,,,
PP_000311R.3,,,,,,,,,,,CGA,,,,,,,,GCTGTGTTGAGTAGTTGTATAGTTGTA,,,A,,,,ACT,G,,,,,,,,,,,,,,,,
PP_00031PE.3,,,,,,,,,,,CGA,,,,,,,,GCTGTGTTGAGTAGTTGTATAGCTGTA,,,A,,,,ATT,G,,,,,,,,,,,,,,,,
PP_0003HN0.3,,,,,,,,,,,CGA,,,,,,,,GCTGTGTTGAGTAGTTGTATAGCTGTA,,,A,,,,ATT,G,,,,,,,,,,,,,,,,
PP_0003HCM.3,,,,,,,,,,,CGA,,,,,,,,GCTGTGTTGAGTAGTTGTATAGCTGTA,,,A,,,,ATT,G,,,,,,,,,,,,,,,,
PP_0003HK6.3,,,,,,,,,,,CGA,,,,,,,,GCTGTGTTGAGTAGTTGTATAGCTGTA,,,A,,,,ATT,G,,,,,,,,,,,,,,,,
PP_0003HM2.3,,,,,,,,,,,CGA,,,,,,,,GCTGTGTTGAGTAGTTGTATAGCTGTA,,,A,,,,ATT,G,,,,,,,,,,,,,,,,
PP_0003HEH.3,,,,,,,,,,,CGA,,,,,,,,GCTGTGTTGAGTAGTTGTATAGCTGTA,,,A,,,,ATT,G,,,,,,,,,,,,,,,,
PP_0003HL4.3,,,,,,,,,,,CGA,,,,,,,,GCTGTGTTGAGTAGTTGTATAGCTGTA,,,A,,,,ATT,G,,,,,,,,,,,,,,,,
PP_0003HDK.3,,,,,,,,,,,CGA,,,,,,,,GCTGTGTTGAGTAGTTGTATAGCTGTA,,,A,,,,ATT,G,,,,,,,,,,,,,,,,
PP_0003HPY.3,,,,,,,,,,,CGA,,,,,,,,GCTGTGTTGAGTAGTTGTATAGCTGTA,,,A,,,,ATT,G,,,,,,,,,,,,,,,,
PP_000324J.3,,,,,,,,,,,CGA,,,,,,,,GCTGTGTTGAGTAGTTGTATAGCTGTA,,,A,,,,ATT,G,,,,,,,,,,,,,,,,
PP_000323L.3,,,,,,,,,,,CGA,,,,,,,,GCTGTGTTGAGTAGTTGTATAGCTGTA,,,A,,,,ATT,G,,,,,,,,,,,,,,,,TAGAGTGACTATCTACTAACAA
PP_000322N.3,,,,,,,,,,,CGA,,,,,,,,GCTGTGTTGAGTAGTTGTATAGCTGTA,,,A,,,,ATT,G,,,,,,,,,,,,,,,,
PP_000325G.3,,,,,,,,,,,CGA,,,,,,,,GCTGTGTTGAGTAGTTGTATAGCTGTA,,,A,,,,ATT,G,,,,,,,,,,,,,,,,
PP_000321Q.3,,,,,,,,,,,CGA,,,,,,,,GCTGTGTTGAGTAGTTGTATAGCTGTA,,,A,,,,ATT,G,,,,,,,,,,,,,,,,
PP_0003HQW.3,,,,,,,,,,,CGA,,,,,,,,GCTGTGTTGAGTAGTTGTATAGCTGTA,,,A,,,,ATT,G,,,,,,,,,,,,,,,,
PP_000326E.3,,,,,,,,,,,CGA,,,,,,,,GCTGTGTTGAGTAGTTGTATAGCTGTA,,,A,,,,ATT,G,,,,,,,,,,,,,,,,
PP_000JXPM.3,,,,,,,,,,,CGA,,,,,,,,GCTGTGTTGAGTAGTTGTATAGTTGTA,,,A,,,,ACT,G,,,,,,,,,,,,,,,,
PP_00031RA.3,,,,,,,,,,,CGA,,,,,,,,GCTGTGTTGAGTAGTTGCATAGCTGTA,,,A,,,,ACA,G,,,,,,,,,,,,,,,,
PP_00031QC.3,,,,,,,,,,,CGA,,,,,,,,GCTGTGTTGAGTAGTTGTATAGCTGTA,,,A,,,,ATT,G,,,,,,,,,,,,,,,,
PP_0003H27.3,,,,,,,,,,,CGA,,,,,,,,GTTGTGTTGGGTAGTTGTATAGTTGTA,,,A,,,,ATT,G,,,,,,,,,,,,,,,,
PP_0003H35.3,,,,,,,,,,,CGA,,,,,,,,GTTGTGTTGGGTAGTTGTATAGTTGTA,,,A,,,,ATT,G,,,,,,,,,,,,,,,,
PP_0003H43.3,,,,,,,,,,,CGA,,,,,,,,GTTGTGTTGGGTAGTTGTATAGTTGTA,,,A,,,,ATT,G,,,,,,,,,,,,,,,,
PP_0003H51.3,,,,,,,,,,,CGA,,,,,,,,GTTGTGTTGGGTAGTTGTATAGTTGTA,,,A,,,,ATT,G,,,,,,,,,,,,,,,,
PP_0003H6Z.3,,,,,,,,,,,CGA,,,,,,,,GTTGTGTTGGGTAGTTGTATAGTTGTA,,,A,,,,ATT,G,,,,,,,,,,,,,,,,
PP_0003H8V.3,,,,,,,,,,,CGA,,,,,,,,GTTGTGTTGGGTAGTTGTATAGTTGTA,,,A,,,,ATT,G,,,,,,,,,,,,,,,,
PP_0003H9T.3,,,,,,,,,,,CGA,,,,,,,,GTTGTGTTGGGTAGTTGTATAGTTGTA,,,A,,,,ATT,G,,,,,,,,,,,,,,,,
PP_0003HAR.3,,,,,,,,,,,CGA,,,,,,,,GTTGTGTTGGGTAGTTGTATAGTTGTA,,,A,,,,ATT,G,,,,,,,,,,,,,,,,
PP_0003HBP.3,,,,,,,,,,,CGA,,,,,,,,GTTGTGTTGGGTAGTTGTATAGTTGTA,,,A,,,,ATT,G,,,,,,,,,,,,,,,,
PP_0003HFF.3,,,,,,,,,,,CGA,,,,,,,,GTTGTGTTGGGTAGTTGTATAGTTGTA,,,A,,,,ATT,G,,,,,,,,,,,,,,,,
PP_0003HGD.3,,,,,,,,,,,CGA,,,,,,,,GTTGTGTTGGGTAGTTGTATAGTTGTA,,,A,,,,ATT,G,,,,,,,,,,,,,,,,
PP_0003HHA.3,,,,,,,,,,,CGA,,,,,,,,GTTGTGTTGGGTAGTTGTATAGTTGTA,,,A,,,,ATT,G,,,,,,,,,,,,,,,,
PP_0003HJ8.3,,,,,,,,,,,CGA,,,,,,,,GTTGTGTTGGGTAGTTGTATAGTTGTA,,,A,,,,ATT,G,,,,,,,,,,,,,,,,
PP_0003H7X.3,,,,,,,,,,,CGA,,,,,,,,GTTGTGTTGGGTAGTTGTATAGTTGTA,,,A,,,,ATT,G,,,,,,,,,,,,,,,,
PP_0004D37.3,,,,,,,,,,,CGA,,,,,,,,GTTGTGTTGGGTAGTTGTATAGTTGTA,,,A,,,,ATT,G,,,,,,,,,,,,,,,,
PP_0003N5W.3,,,,,,,,,,,CGA,,,,,,,,GTTGTGTTGGGTAGTTGTATAGTTGTA,,,A,,,,ATT,G,,,,,,,,,,,,,,,,
PP_0004CJB.3,,,,,,,,,,,CGA,,,,,,,,GTTGTGTTGGGTAGTTGTATAGTTGTA,,,A,,,,ATT,G,,,,,,,,,,,,,,,,
PP_0004CRX.3,,,,,,,,,,,CGA,,,,,,,,GTTGTGTTGGGTAGTTGTATAGTTGTA,,,A,,,,ATT,G,,,,,,,,,,,,,,,,
PP_0004CTT.3,,,,,,,,,,,CGA,,,,,,,,GTTGTGTTGGGTAGTTGTATAGTTGTA,,,A,,,,ATT,G,,,,,,,,,,,,,,,,
PP_0004CZF.3,,,,,,,,,,,CGA,,,,,,,,GTTGTGTTGGGTAGTTGTATAGTTGTA,,,A,,,,ATT,G,,,,,,,,,,,,,,,,
PP_0004D0D.3,,,,,,,,,,,CGA,,,,,,,,GTTGTGTTGGGTAGTTGTATAGTTGTA,,,A,,,,ATT,G,,,,,,,,,,,,,,,,
PP_0004D1B.3,,,,,,,,,,,CGA,,,,,,,,GTTGTGTTGGGTAGTTGTATAGTTGTA,,,A,,,,ATT,G,,,,,,,,,,,,,,,,
PP_0004D45.3,,,,,,,,,,,CGA,,,,,,,,GCTGTGTTGGGTAGTTGTATAGTTGTA,,,A,,,,ATT,G,,,,,,,,,,,,,,,,
PP_0004CUR.3,,,,,,,,,,,CGA,,,,,,,,GCTGTGTTGGGTAGTTGTATAGTTGTA,,,A,,,,ATT,G,,,,,,,,,,,,,,,,
PP_0004D53.3,,,,,,,,,,,CGA,,,,,,,,GCTGTGTTGGGTAGTTGTATAGTTGTA,,,A,,,,ATT,G,,,,,,,,,,,,,,,,
PP_0004D29.3,,,,,,,,,,,CGA,,,,,,,,GTTGTGTTGGGTAGTTGTATAGTTGTA,,,A,,,,ATT,G,,,,,,,,,,,,,,,,
PP_0004D61.3,,,,,,,,,,,CGA,,,,,,,,GTTGTGTTGGGTAGTTGTATAGTTGTA,,,A,,,,ATT,G,,,,,,,,,,,,,,,,
PP_0004CYH.3,,,,,,,,,,,CGA,,,,,,,,GTTGTGTTGGGTAGTTGTATAGTTGTA,,,A,,,,ATT,G,,,,,,,,,,,,,,,,
PP_0004CSV.3,,,,,,,,,,,CGA,,,,,,,,GCTGTGTTGGGTAGTTGTATAGTTGTA,,,A,,,,ATT,G,,,,,,,,,,,,,,,,
PP_0004CL7.3,,,,,,,,,,,CGA,,,,,,,,GTTGTGTTGGGTAGTTGTATAGTTGTA,,,A,,,,ATT,G,,,,,,,,,,,,,,,,
PP_0003N4Y.3,,,,,,,,,,,CGA,,,,,,,,GTTGTGTTGGGTAGTTGTATAGTTGTA,,,A,,,,ATT,G,,,,,,,,,,,,,,,,
PP_0004CK9.3,,,,,,,,,,,CGA,,,,,,,,GTTGTGTTGGGTAGTTGTATAGTTGTA,,,A,,,,ATT,G,,,,,,,,,,,,,,,,
PP_0003N30.3,,,,,,,,,,,CGA,,,,,,,,GCTGTGTTGAGTAGTTGTATAGTTGTA,,,A,,,,ATT,G,,,,,,,,,,,,,,,,
PP_0004CHD.3,,,,,,,,,,,CGA,,,,,,,,GCTGTGTTGAGTAGTTGTATAGTTGTA,,,A,,,,ATT,G,,,,,,,,,,,,,,,,
PP_0003N22.3,,,,,,,,,,,CGA,,,,,,,,GCTGTGTTGAGTAGTTGTATAGTTGTA,,,A,,,,ACT,G,,,,,,,,,,,,,,,,
PP_000371K.3,,,,,,,,,,,CGA,,,,,,,,GCTGTATTGAGTAGTTGTATAGTTTTA,,T,A,,,,ATT,G,,,,,,,,,,,,,,,,
PP_0000JHF.3,,,,,,,,,,,CGA,,,,,,,,GCTGTATTGAGTAGTTGTATAGTTGTA,,,A,,,,TTT,G,,,,,,,,,,,,,,,,
PP_00037Q6.3,,,,,,,,,,,CGA,,,,,,,,GCTGTATTGAGTAGTTGTATAGTTGTA,,,A,,,,TTT,G,,,,,,,,,,,,,,,,
PP_0000JSX.3,,,,,,,,,,,CGA,,,,,,,,GCTGTATTGAGTAGTTGTATAGTTGTA,,,A,,,,TTT,G,,,,,,,,,,,,,,,,
PP_0001AQ7.3,,,,,,,,,,,CGA,,,,,,,,GCTGTATTGAGTAGTTGTATAGTTGTA,,,A,,,,TTT,G,,,,,,,,,,,,,,,,
PP_0000PM2.3,,,,,,,,,,,CGA,,,,,,,,GCTGTATTGAGTAGTTGTATAGTTGTA,,,A,,,,TTT,G,,,,,,,,,,,,,,,,
PP_0001AVX.3,,,,,,,,,,,CGA,,,,,,,,GCTGTATTGAGTAGTTGTATAGTTGTA,,,A,,,,TTT,G,,,,,,,,,,,,,,,,
PP_0001AWV.3,,,,,,,,,,,CGA,,,,,,,,GCTGTATTGAGTAGTTGTATAGTTGTA,,,A,,,,TTT,G,,,,,,,,,,,,,,,,
PP_0003AM9.3,,,,,,,,,,,CGA,,,,,,,,GCTGTATTGAGTAGTTGTATAGTTGTA,,,A,,,,TTT,G,,,,,,,,,,,,,,,,
PP_000J96A.3,,,,,,,,,,,CGA,,,,,,,,GCTGTATTGAGTAGTTGTATAGTTGTA,,,A,,,,TTT,G,,,,,,,,,,,,,,,,
PP_0002GHD.3,,,,,,,,,,,CGA,,,,,,,,GCTGTATTGAGTAGTTGTATAGTTGTA,,,A,,,,TTT,G,,,,,,,,,,,,,,,,
PP_00018JM.3,,,,,,,,,,,CGA,,,,,,,,GCTGTATTGAGTAGTTGTATAGTTGTA,,,A,,,,TTT,G,,,,,,,,,,,,,,,,
PP_00018KK.3,,,,,,,,,,,CGA,,,,,,,,GCTGTATTGAGTAGTTGTATAGTTGTA,,,A,,,,TTT,G,,,,,,,,,,,,,,,,
PP_00019ZQ.3,,,,,,,,,,,CGA,,,,,,,,GCTGTATTGAGTAGTTGTATAGTTGTA,,,A,,,,TTT,G,,,,,,,,,,,,,,,,
PP_0001AA2.3,,,,,,,,,,,CGA,,,,,,,,GCTGTATTGAGTAGTTGTATAGTTGTA,,,A,,,,TTT,G,,,,,,,,,,,,,,,,
PP_0002D49.3,,,,,,,,,,,CGA,,,,,,,,GCTGTATTGAGTAGTTGTATAGTTGTA,,,A,,,,TTT,G,,,,,,,,,,,,,,,,
PP_00029NA.3,,,,,,,,,,,CGA,,,,,,,,GCTGTATTGAGTTGTTGTATAGTTGTA,,,A,,,,TTT,G,,,,,,,,,,,,,,,,
PP_00029WU.3,,,,,,,,,,,CGA,,,,,,,,GCTGTATTGAGTAGTTGTATAGTTGTA,,,A,,,,TTT,G,,,,,,,,,,,,,,,,
PP_0004E0C.2,,,,,,,,,,,CGA,,,,,,,,GCTGTATTGAGTAGTTGTATAGTTGTA,,,A,,,,TTT,G,,,,,,,,,,,,,,,,
PP_0004E44.2,,,,,,,,,,,CGA,,,,,,,,GCTGTATTGAGTAGTTGTATAGTTGTA,,,A,,,,TTT,G,,,,,,,,,,,,,,,,
PP_0004EDL.2,,,,,,,,,,,CGA,,,,,,,,GCTGTATTGAGTAGTTGTATAGTTGTA,,,A,,,,TTT,G,,,,,,,,,,,,,,,,
PP_000270P.2,,,,,,,,,,,CGA,,,,,,,,GCTGTATTGAGTAGTTGTATAGTTGTA,,,A,,,,TTT,G,,,,,,,,,,,,,,,,
PP_000273H.2,,,,,,,,,,,CGA,,,,,,,,GCTGTATTGAGTAGTTGTATAGTTGTA,,,A,,,,TTT,G,,,,,,,,,,,,,,,,
PP_0002795.2,,,,,,,,,,,CGA,,,,,,,,GCTGTATTGAGTAGTTGTATAGTTGTA,,,A,,,,TTT,G,,,,,,,,,,,,,,,,
PP_000274F.2,,,,,,,,,,,CGA,,,,,,,,GCTGTATTGAGTAGTTGTATAGTTGTA,,,A,,,,TTT,G,,,,,,,,,,,,,,,,
PP_00027CZ.2,,,,,,,,,,,CGA,,,,,,,,GCTGTATTGAGTAGTTGTATAGTTGTA,,,A,,,,TTT,G,,,,,,,,,,,,,,,,
PP_00027YS.2,,,,,,,,,,,CGA,,,,,,,,GCTGTATTGAGTAGTTGTATAGTTGTA,,,A,,,,TTT,G,,,,,,,,,,,,,,,,
PP_00027GR.2,,,,,,,,,,,CGA,,,,,,,,GCTGTATTGAGTAGTTGTATAGTTGTA,,,A,,,,TTT,G,,,,,,,,,,,,,,,C,TCTTTCCCCGCTGATTCCGCCAAGCCC
PP_00027XU.2,,,,,,,,,,,CGA,,,,,,,,GCTGTATTGAGTAGTTGTATAGTTGTA,,,A,,,,TTT,G,,,,,,,,,,,,,,,,
PP_000276B.2,,,,,,,,,,,CGA,,,,,,,,GCTGTATTGAGTAGTTGTATAGTTGTA,,,A,,,,TTT,G,,,,,,,,,,,,,,,,
PP_00027A3.2,,,,,,,,,,,CGA,,,,,,,,GCTGTATTGAGTAGTTGTATAGTTGTA,,,A,,,,TTT,G,,,,,,,,,,,,,,,C,TCTTTCCCCGCTGATTCTGCCAAGCCC
PP_00027DX.2,,,,,,,,,,,CGA,,,,,,,,GCTGTATTGAGTAGTTGTATAGTTGTA,,,A,,,,TTT,G,,,,,,,,,,,,,,,C,TCTTTCCCCGCTGATTCTGCCAAGCCC
PP_00027PA.2,,,,,,,,,,,CGA,,,,,,,,GCTGTATTGAGTAGTTGTATAGTTGTA,,,A,,,,TTT,G,,,,,,,,,,,,,,,,
PP_00027VY.2,,,,,,,,,,,CGA,,,,,,,,GCTGTATTGAGTAGTTGTATAGTTGTA,,,A,,,,TTT,G,,,,,,,,,,,,,,,,
PP_00027R6.2,,,,,,,,,,,CGA,,,,,,,,GCTGTATTGAGTAGTTGTATAGTTGTA,,,A,,,,TTT,G,,,,,,,,,,,,,,,,
PP_00027NC.2,,,,,,,,,,,CGA,,,,,,,,GCTGTATTGAGTAGTTGTATAGTTGTA,,,A,,,,TTT,G,,,,,,,,,,,,,,,,
PP_00027KJ.2,,,,,,,,,,,CGA,,,,,,,,GCTGTATTGAGTAGTTGTATAGTTGTA,,,A,,,,TTT,G,,,,,,,,,,,,,,,,
PP_00027WW.2,,,,,,,,,,,CGA,,,,,,,,GCTGTATTGAGTAGTTGTATAGTTGTA,,,A,,,,TTT,G,,,,,,,,,,,,,,,,
PP_0002779.2,,,,,,,,,,,CGA,,,,,,,,GCTGTATTGAGTAGTTGTATAGTTGTA,,,A,,,,TTT,G,,,,,,,,,,,,,,,,
PP_0004DK8.2,,,,,,,,,,,CGA,,,,,,,,GCTGTATTGAGTAGTTGTATAGTTGTA,,,A,,,,TTT,G,,,,,,,,,,,,,,,,
PP_0004DQY.2,,,,,,,,,,,CGA,,,,,,,,GCTGTATTGAGTAGTTGTATAGTTGTA,,,A,,,,TTT,G,,,,,,,,,,,,,,,,
PP_0004DN2.2,,,,,,,,,,,CGA,,,,,,,,GCTGTATTGAGTAGTTGTATAGTTGTA,,,A,,,,TTT,G,,,,,,,,,,,,,,,,
PP_0004EHB.2,,,,,,,,,,,CGA,,,,,,,,GCTGTATTGAGTAGTTGTATAGTTGTA,,,A,,,,TTT,G,,,,,,,,,,,,,,,,
PP_0004DP0.2,,,,,,,,,,,CGA,,,,,,,,GCTGTATTGAGTAGTTGTATAGTTGTA,,,A,,,,TTT,G,,,,,,,,,,,,,,,,
PP_0004DRW.2,,,,,,,,,,,CGA,,,,,,,,GCTGTATTGAGTAGTTGTATAGTTGTA,,,A,,,,TTT,G,,,,,,,,,,,,,,,,
PP_0004E52.2,,,,,,,,,,,CGA,,,,,,,,GCTGTATTGAGTAGTTGTATAGTTGTA,,,A,,,,TTT,G,,,,,,,,,,,,,,,,
PP_0004E9U.2,,,,,,,,,,,CGA,,,,,,,,GCTGTATTGAGTAGTTGTATAGTTGTA,,,A,,,,TTT,G,,,,,,,,,,,,,,,,
PP_0004DYG.2,,,,,,,,,,,CGA,,,,,,,,GCTGTATTGAGTAGTTGTATAGTTGTA,,,A,,,,TTT,G,,,,,,,,,,,,,,,,
PP_0004EN1.2,,,,,,,,,,,CGA,,,,,,,,GCTGTATTGAGTAGTTGTATAGTTGTA,,,A,,,,TTT,G,,,,,,,,,,,,,,,,
PP_0004EJ9.2,,,,,,,,,,,CGA,,,,,,,,GCTGTATTGAGTAGTTGTATAGTTGTA,,,A,,,,TTT,G,,,,,,,,,,,,,,,,
PP_0004DSU.2,,,,,,,,,,,CGA,,,,,,,,GCTGTATTGAGTAGTTGTATAGTTGTA,,,A,,,,TTT,G,,,,,,,,,,,,,,,,
PP_0004DVN.2,,,,,,,,,,,CGA,,,,,,,,GCTGTATTGAGTAGTTGTATAGTTGTA,,,A,,,,TTT,G,,,,,,,,,,,,,,,,
PP_0004DUQ.2,,,,,,,,,,,CGA,,,,,,,,GCTGTATTGAGTAGTTGTATAGTTGTA,,,A,,,,TTT,G,,,,,,,,,,,,,,,,
PP_0004ECN.2,,,,,,,,,,,CGA,,,,,,,,GCTGTATTGAGTAGTTGTATAGTTGTA,,,A,,,,TTT,G,,,,,,,,,,,,,,,,
PP_0004DWL.2,,,,,,,,,,,CGA,,,,,,,,GCTGTATTGAGTAGTTGTATAGTTGTA,,,A,,,,TTT,G,,,,,,,,,,,,,,,,
PP_0004E7Y.2,,,,,,,,,,,CGA,,,,,,,,GCTGTATTGAGTAGTTGTATAGTTGTA,,,A,,,,TTT,G,,,,,,,,,,,,,,,,
PP_0004EBQ.2,,,,,,,,,,,CGA,,,,,,,,GCTGTATTGAGTAGTTGTATAGTTGTA,,,A,,,,TTT,G,,,,,,,,,,,,,,,,
PP_0004E8W.2,,,,,,,,,,,CGA,,,,,,,,GCTGTATTGAGTAGTTGTATAGTTGTA,,,A,,,,TTT,G,,,,,,,,,,,,,,,,
PP_0004EGE.2,,,,,,,,,,,CGA,,,,,,,,GCTGTATTGAGTAGTTGTATAGTTGTA,,,A,,,,TTT,G,,,,,,,,,,,,,,,,
PP_0004EST.2,,,,,,,,,,,CGA,,,,,,,,GCTGTATTGAGTAGTTGTATAGTTGTA,,,A,,,,TTT,G,,,,,,,,,,,,,,,,
PP_0004EUP.2,,,,,,,,,,,CGA,,,,,,,,GCTGTATTGAGTAGTTGTATAGTTGTA,,,A,,,,TTT,G,,,,,,,,,,,,,,,,
PP_0004EM3.2,,,,,,,,,,,CGA,,,,,,,,GCTGTATTGAGTAGTTGTATAGTTGTA,,,A,,,,TTT,G,,,,,,,,,,,,,,,,
PP_0004E36.2,,,,,,,,,,,CGA,,,,,,,,GCTGTATTGAGTAGTTGTATAGTTGTA,,,A,,,,TTT,G,,,,,,,,,,,,,,,,
PP_0004E60.2,,,,,,,,,,,CGA,,,,,,,,GCTGTATTGAGTAGTTGTATAGTTGTA,,,A,,,,TTT,G,,,,,,,,,,,,,,,,
PP_0004DXJ.2,,,,,,,,,,,CGA,,,,,,,,GCTGTATTGAGTAGTTGTATAGTTGTA,,,A,,,,TTT,G,,,,,,,,,,,,,,,,
PP_0004EEJ.2,,,,,,,,,,,CGA,,,,,,,,GCTGTATTGAGTAGTTGTATAGTTGTA,,,A,,,,TTT,G,,,,,,,,,,,,,,,,
PP_0004EAS.2,,,,,,,,,,,CGA,,,,,,,,GCTGTATTGAGTAGTTGTATAGTTGTA,,,A,,,,TTT,G,,,,,,,,,,,,,,,,
PP_0004ERV.2,,,,,,,,,,,CGA,,,,,,,,GCTGTATTGAGTAGTTGTATAGTTGTA,,,A,,,,TTT,G,,,,,,,,,,,,,,,,
PP_0004EFG.2,,,,,,,,,,,CGA,,,,,,,,GCTGTATTGAGTAGTTGTATAGTTGTA,,,A,,,,TTT,G,,,,,,,,,,,,,,,,
PP_0004E28.2,,,,,,,,,,,CGA,,,,,,,,GCTGTATTGAGTAGTTGTATAGTTGTA,,,A,,,,TTT,G,,,,,,,,,,,,,,,,
PP_0004E1A.2,,,,,,,,,,,CGA,,,,,,,,GCTGTATTGAGTAGTTGTATAGTTGTA,,,A,,,,TTT,G,,,,,,,,,,,,,,,,
PP_0004EWK.2,,,,,,,,,,,CGA,,,,,,,,GCTGTATTGAGTAGTTGTATAGTTGTA,,,A,,,,TTT,G,,,,,,,,,,,,,,,,
PP_00027FT.2,,,,,,,,,,,CGA,,,,,,,,GCTGTATTGAGTAGTTGTATAGTTGTA,,,A,,,,TTT,G,,,,,,,,,,,,,,,C,TCTTTCCCCGCTGATTCCGCCAAGCCC
PP_0003AP5.3,,,,,,,,,,,CGA,,,,,,,,,,,,,,,,,,,,,,,,,,,,,,,,
PP_0003N7S.3,,,,,,,,,,,CGA,,,,,,,,,,,,,,,,,,,,,,,,,,,,,,,,
PP_0003AR1.3,,,,,,,,,,,CGA,,,,,,,,,,,,,,,,,,,,,,,,,,,,,,,,
PP_0002XD7.3,,,,,,,,,,,CGA,,,,,,,,GCTGTATTGAGTAGTTGTATAGTTGTA,,,A,,,,TTT,G,,,,,,,,,,,,,,,C,
PP_0003L40.3,,,,,,,,,,,CGA,,,,,,,,,,,,,,,,,,,,,,,,,,,,,,,,
PP_0003L5Y.3,,,,,,,,,,,CGA,,,,,,,,,,,,,,,,,,,,,,,,,,,,,,,,
PP_0004C46.3,,,,,,,,,,,CGA,,,,,,,,GCTGTATTGAGTAGTTGTATAGTTGTA,,,A,,,,TTT,G,,,,,,,,,,,,,,,,
PP_0004C54.3,,,,,,,,,,,CGA,,,,,,,,GCTGTATTGAGTAGTTGTATAGTTGTA,,,A,,,,TTT,G,,,,,,,,,,,,,,,,
PP_0004C62.3,,,,,,,,,,,CGA,,,,,,,,GCTGTATTGAGTAGTTGTATAGTTGTA,,,,,,,TTT,G,,,,,,,,,,,,,,,,
PP_00036HM.3,,,,,,,,,,,CGA,,,,,,,,GCTGTATTGAGTAGTTGTATAGTTGTA,,,A,,,,TTT,G,,,,,,,,,,,,,,,,
PP_00036MD.3,,,,,,,,,,,CGA,,,,,,,,GCTGTATTGAGTAGTTGAATAGTTGTA,,,A,,,,TTT,G,,,,,,,,,,,,,,,,
PP_00036JK.3,,,,,,,,,,,CGA,,,,,,,,GCTGTATTGAGTAGTTGTATAGTTGTA,,,A,,,,TTT,G,,,,,,,,,,,,,,,,
PP_00036LF.3,,,,,,,,,,,CGA,,,,,,,,GCTGTATTGAGTAGTTGTATAGTTGTA,,,A,,,,TTT,G,,,,,,,,,,,,,,,,
PP_00027S4.2,,,,,,,,,,,CGA,,,,,,,,GCTGTATTGAGTAGTTGTATAGTTGTA,,,A,,,,TTT,G,,,,,,,,,,,,,,,C,
PP_00036KH.3,,,,,,,,,,,CGA,,,,,,,,GCTGTATTGAGTAGTTGTATAGTTGTA,,,A,,,,TTT,,,,,,,,,,,,,,,,,
PP_0004DTS.2,,,,,,,,,,,CGA,,,,,,,,GCTGTATTGAGTAGTTGTATAGTTGTA,,,A,,,,TTT,G,,,,,,,,,,,,,,,,
PP_000275D.2,,,,,,,,,,,CGA,,,,,,,,GCTGTATTGAGTAGTTGTATAGTTGTA,,,A,,,,TTT,G,,,,,,,,,,,,,,,C,TCTTTCCCCGCTGATTCCGCCAAGCCC
PP_00027LG.2,,,,,,,,,,,CGA,,,,,,,,GCTGTATTGAGTAGTTGTATAGTTGTA,,,A,,,,TTT,G,,,,,,,,,,,,,,,,
PP_00027U0.2,,,,,,,,,,,CGA,,,,,,,,GCTGTATTGAGTAGTTGTATAGTTGTA,,,A,,,,TTT,G,,,,,,,,,,,,,,,,
PP_0004DZE.2,,,,,,,,,,,CGA,,,,,,,,GCTGTATTGAGTAGTTGTATAGTTGTA,,,A,,,,TTT,G,,,,,,,,,,,,,,,,
PP_0002XLS.3,,,,,,,,,,,CGA,,,,,,,,GCTGTATTGAGTAGTTGTATAGTTGTA,,,A,,,,TTT,G,,,,,,,,,,,,,,,C,
PP_0004EPZ.2,,,,,,,,,,,CGA,,,,,,,,GCTGTATTGAGTAGTTGTATAGTTGTA,,,A,,,,TTT,G,,,,,,,,,,,,,,,,
PP_00027Q8.2,,,,,,,,,,,CGA,,,,,,,,GCTGTATTGAGTAGTTGTATAGTTGTA,,,A,,,,TTT,G,,,,,,,,,,,,,,,,
PP_0004DM4.2,,,,,,,,,,,CGA,,,,,,,,GCTGTATTGAGTAGTTGTATAGTTGTA,,,A,,,,TTT,G,,,,,,,,,,,,,,,,
PP_0003L32.3,,,,,,,,,,,CGA,,,,,,,,GCTGTATTGAGTAGTTGTATAGTTGTA,,,,,,,,,,,,,,,,,,,,,,,,
PP_00031W0.3,,,,,,,,,,,CGA,,,,,,,,GCTGTATTGAGTAGTTGTATAGTTGTA,,,A,,,,TTT,G,,,,,,,,,,,,,,,C,TCTT
PP_0003AQ3.3,,,,,,,,,,,CGA,,,,,,,,GCTGTATTGAGTAGTTGTATAGTTGTA,,,A,,,,TTT,G,,,,,,,,,,,,,,,,
PP_0003B0H.3,,,,,,,,,,,CGA,,,,,,,,GCTGTATTGAGTAGTTGTATAGTTGTA,,,A,,,,TTT,G,,,,,,,,,,,,,,,,
PP_0003BEP.3,,,,,,,,,,,CGA,,,,,,,,GCTGTATTGAGTAGTTGTATAGTTGTA,,,A,,,,TTT,G,,,,,,,,,,,,,,,,
PP_0003BBV.3,,,,,,,,,,,CGA,,,,,,,,GCTGTATTGAGTAGTTGTATAGTTGTA,,,G,,,,TTT,G,,,,,,,,,,,,,,,,
PP_0003B73.3,,,,,,,,,,,CGA,,,,,,,,GCTGTATTGAGTAGTTGTATAGTTGTA,,,A,,,,TTT,G,,,,,,,,,,,,,,,,
PP_0003B3B.3,,,,,,,,,,,CGA,,,,,,,,GCTGTATTGAGTAGTTGTATAGTTGTA,,,A,,,,TTT,G,,,,,,,,,,,,,,,,
PP_0003AZK.3,,,,,,,,,,,CGA,,,,,,,,GCTGTATTGAGTAGTTGTATAGTTGTA,,,A,,,,TTT,G,,,,,,,,,,,,,,,,
PP_0004C38.3,,,,,,,,,,,CGA,,,,,,,,GCTGTATTGAGTAGTTGTATAGTTGTA,,,A,,,,TTT,G,,,,,,,,,,,,,,,,
PP_0004ETR.2,,,,,,,,,,,CGA,,,,,,,,GCTGCATTGAGTAGTTGTATAGTTGTA,,,A,,,,TTT,G,,,,,,,,,,,,,,,,
PP_0004EL5.2,,,,,,,,,,,CGA,,,,,,,,GCTGTATTGAGTAGTTGTATAGTTGTA,,,A,,,,TTT,G,,,,,,,,,,,,,,,,
PP_0004EVM.2,,,,,,,,,,,CGA,,,,,,,,GCTGTATTGAGTAGTTGTATAGTTGTA,,,A,,,,TTT,G,,,,,,,,,,,,,,,,
PP_0001AB0.3,,,,,,,,,,,CGA,,,,,,,,GCTGTATTGAGTAGTTGCATAGTTGTA,,,A,,,,TTT,G,,,,,,,,,,,,,,,,
PP_0002CUV.3,,,,,,,,,,,CGA,,,,,,,,GCTGTATTGAGTAGTTGCATAGTTGTA,,,A,,,,TTT,G,,,,,,,,,,,,,,,,
PP_0002CZK.3,,,,,,,,,,,CGA,,,,,,,,GCTGTATTGAGTAGTTGTATAGTTGTA,,,A,,,,TTT,G,,,,,,,,,,,,,,,,
PP_0002CXP.3,,,,,,,,,,,CGA,,,,,,,,GCTGTATTGAGTAGTTGTATAGTTGTA,,,A,,,,TTT,G,,,,,,,,,,,,,,,,
PP_0002D1F.3,,,,,,,,,,,CGA,,,,,,,,GCTGTATTGAGTAGTTGTATAGTTGTA,,,A,,,,TTT,G,,,,,,,,,,,,,,,,
PP_0002D3B.3,,,,,,,,,,,CGA,,,,,,,,GCTGTATTGAGTAGTTGTATAGTTGTA,,,A,,,,TTT,G,,,,,,,,,,,,,,,,
PP_0002CYM.3,,,,,,,,,,,CGA,,,,,,,,GCTGTATTGAGTAGTTGTATAGTTGTA,,,A,,,,TTT,G,,,,,,,,,,,,,,,,
PP_000272K.2,,,,,,,,,,,CGA,,,,,,,,GCTGTATTGAATAGTTGTATAGTTGTA,,,A,,,,TTT,G,,,,,,,,,,,,,,,TC,TCTTTCCCCGCTGATTCCGCCAAGCCC
PP_00027HN.2,,,,,,,,,,,CGA,,,,,,,,GCTGTATTGAATAGTTGTATAGTTGTA,,,A,,,,TTT,G,,,,,,,,,,,,,,,TC,TCTTTCCCCGCTGATTCCGCCAAGCCC
PP_0003AN7.3,,,,,,,,,,,CGA,,,,,,,,,,,,,,,,,,,,,,,,,,,,,,,,
PP_00018HP.3,,,,,,,,,,,CGA,,,,,,,,GCTGTATTGAGTAGTTGTATAGTTGTA,,,A,,,,TTT,G,,,,,,,,,,,,,,,,
PP_00018LH.3,,,,,,,,,,,CGA,,,,,,,,GCTGTATTGAGTAGTTGTATAGTTGTA,,,A,,,,TTT,G,,,,,,,,,,,,,,,,
PP_0002787.2,,,,,,,,,,,CGA,,,,,,,,GCTGTATTGAGTAGTTGTATAGTTGTA,,,A,,,,TTT,G,,,,,,,,,,,,,,,,
PP_0004EQX.2,,,,,,,,,,,CGA,,,,,,,,GCTGTATTGAGTAGTTGTATAGTTGTA,,,A,,,,TTT,G,,,,,,,,,,,,,,,,
PP_0002CVT.3,,,,,,,,,,,CGA,,,,,,,,GCTGTATTGAGTAGTTGTATAGTTGTA,,,A,,,,TTT,G,,,,,,,,,,,,,,,,
PP_0002D65.3,,,,,,,,,,,CGA,,,,,,,,GCTGTATTGAGTAGTTGTATAGTTGTA,,,A,,,,TTT,G,,,,,,,,,,,,,,,,
PP_0002D9Z.3,,,,,,,,,,,CGA,,,,,,,,GCTGTATTGAGTAGTTGTATAGTTGTA,,,A,,,,TTT,G,,,,,,,,,,,,,,,,
PP_0002D0H.3,,,,,,,,,,,CGA,,,,,,,,GCTGTATTGAGTAGTTGTATAGTTGTA,,,A,,,,TTT,G,,,,,,,,,,,,,,,,
PP_0002D73.3,,,,,,,,,,,CGA,,,,,,,,GTTGTATTGAGTAGTTGTATAGTTGTA,,,A,,,,TTT,G,,,,,,,,,,,,,,,,
PP_0002D2D.3,,,,,,,,,,,CGA,,,,,,,,GCTGTATTGAGTAGTTGTATAGTTGTA,,,A,,,,TTT,G,,,,,,,,,,,,,,,,
PP_0002D81.3,,,,,,,,,,,CGA,,,,,,,,GCTGTATTGAGTAGTTGTATAGTTGCA,,,A,,,,TTT,G,,,,,,,,,,,,,,,,
PP_00036EU.3,,,,,,,,,,,CGA,,,,,,,,GCTGTATTGAGTAGTTGTATAGTTGTA,,,A,,,,TTT,A,,,,,,,,,,,,,,,,
PP_00036FS.3,,,,,,,,,,,CGA,,,,,,,,GCTGTATTGAGTAGTTGTATAGTTGTA,,,A,,,,TTT,A,,,,,,,,,,,,,,,,
PP_00039VU.3,,,,,,,,,,,CGA,,,,,,,,GCTGTATTGAGTAGTTGTATAGTTGTA,,,A,,,,TTT,A,,,,,,,,,,,,,,,,
PP_0003KVJ.3,,,,,,,,,,,CGA,,,,,,,,GCTGTATTGAGTAGTTGTATAGTTGTA,,,A,,,,TTT,A,,,,,,,,,,,,,,,,
PP_0003KWG.3,,,,,,,,,,,CGA,,,,,,,,GCTGTATTGAGTAGTTGTATAGTTGTA,,,A,,,,TTT,A,,,,,,,,,,,,,,,,
PP_0003KXE.3,,,,,,,,,,,CGA,,,,,,,,GCTGTATTGAGTAGTTGTATAGTTGTA,,,A,,,,TTT,A,,,,,,,,,,,,,,,,
PP_0003KYC.3,,,,,,,,,,,CGA,,,,,,,,GCTGTATTGAGTAGTTGTATAGTTGTA,,,A,,,,TTT,A,,,,,,,,,,,,,,,,
PP_0003FVN.3,,,,,,,,,,,CGA,,,,,,,,GCTGTATTGAGTAGTTGTATAGTTGTA,,,A,,,,TTT,A,,,,,,,,,,,,,,,,
PP_0003L16.3,,,,,,,,,,,CGA,,,,,,,,GCTGTATTGAGTAGTTGTATAGTTGTA,,,A,,,,TTT,A,,,,,,,,,,,,,,,,
PP_0003L08.3,,,,,,,,,,,CGA,,,,,,,,GCTGTATTGAGTAGTTGTATAGTTGTA,,,A,,,,TTT,A,,,,,,,,,,,,,,,,
PP_00027ME.2,,,,,,,,,,,CGA,,,,,,,,GCTGTATTGAGTAGTTGTATAGTTGTA,,,A,,,,TTT,G,,,,,,,,,,,,,,,,
PP_00030XZ.3,,,,,,,,,,,CGA,,,,,,,,,,,,,,,,,,,,,,,,,,,,,,,,
PP_0002GJB.3,,,,,,,,,,,CGA,,,,,,,,GCTGTATTGAGTAGTTGTATAGTTGTG,,,A,,,,TTT,G,,,,,,,,,,,,,,,,
PP_0003AYM.3,,,,,,,,,,,CGA,,,,,,,,GCTGTATTGAGTAGCTGTATAGTTGTG,,,A,,,,TTT,G,,,,,,,,,,,,,,,,
PP_0002CWR.3,,,,,,,,,,,CGA,,,,,,,,GCTGTATTGAGTAGTTGTATAGTTGTA,,,A,,,,TTT,G,,,,,,,,,,,,,,,,
PP_0002D57.3,,,,,,,,,,,CGA,,,,,,,,GCTGTATTGAGTAGTTGTATAGTTGTA,,,A,,,,TTT,G,,,,,,,,,,,,,,,,
PP_00026ZR.2,,,,,,,,,,,CGA,,,,,,,,GCTGTATTGAGTAGTTGTATAGTTGTA,,,A,,,,TTT,G,,,,,,,,,,,,,,,,
PP_0000PSS.3,,,,,,,,,,,CGA,,,,,,,,GCTGTATTGAGTAGTTGTATAGTTGTA,,,A,,,,TTT,G,,,,,,,,,,,,,,,,
PP_0000PXG.3,,,,,,,,,,,CGA,,,,,,,,GCTGTATTGAGTAGTTGTATAGTTGTA,,,A,,,,TTT,G,,,,,,,,,,,,,,,,
PP_0000PUN.3,,,,,,,,,,,CGA,,,,,,,,GCTGTATTGAGTAGTTGTATAGTTGTA,,,A,,,,TTT,G,,,,,,,,,,,,,,,,
PP_0000PWJ.3,,,,,,,,,,,CGA,,,,,,,,GCTGTATTGAGTAGTTGTATAGTTGTA,,,A,,,,TTT,G,,,,,,,,,,,,,,,,
PP_0000PTQ.3,,,,,,,,,,,CGA,,,,,,,,GCTGTATTGAGTAGTTGTATAGTTGTA,,,A,,,,TTT,G,,,,,,,,,,,,,,,,
PP_00037VW.3,,,,,,,,,,,CGA,,,,,,,,GCTGTATTGAGTAGTTGTATAGTTGTA,,,A,,,,TTT,G,,,,,,,,,,,,,,,,
PP_00037ZN.3,,,,,,,,,,,CGA,,,,,,,,GCTGTATTGAGTAGTTGTATAGTTGTA,,,A,,,,TTT,G,,,,,,,,,,,,,,,,
PP_0003AUV.3,,,,,,,,,,,CGA,,,,,,,,GCTGTATTGAGTAGTTGTATAGTTGTA,,,A,,,,TTT,G,,,,,,,,,,,,,,,,
PP_0003AVT.3,,,,,,,,,,,CGA,,,,,,,,GCTGTATTGAGTAGTTGTATAGTTGTA,,,A,,,,TTT,G,,,,,,,,,,,,,,,,
PP_0003AWR.3,,,,,,,,,,,CGA,,,,,,,,GCTGTATTGAGTAGTTGTATAGTTGTA,,,A,,,,TTT,G,,,,,,,,,,,,,,,,
PP_0003AXP.3,,,,,,,,,,,CGA,,,,,,,,GCTGTATTGAGTAGTTGTATAGTTGTA,,,A,,,,TTT,G,,,,,,,,,,,,,,,,
PP_0003B2D.3,,,,,,,,,,,CGA,,,,,,,,GCTGTATTGAGTAGTTGTATAGTTGTA,,,A,,,,TTT,G,,,,,,,,,,,,,,,,
PP_0003B57.3,,,,,,,,,,,CGA,,,,,,,,GCTGTATTGAGTAGTTGTATAGTTGTA,,,A,,,,TTT,G,,,,,,,,,,,,,,,,
PP_00038HK.3,,,,,,,,,,,CGA,,,,,,,,,,,,,,,,,,,,,,,,,,,,,,,,
PP_00038UX.3,,,,,,,,,,,CGA,,,,,,,,,,,,,,,,,,,,,,,,,,,,,,,,
PP_00039AZ.3,,,,,,,,,,,CGA,,,,,,,,,,,,,,,,,,,,,,,,,,,,,,,,
PP_00039CV.3,,,,,,,,,,,CGA,,,,,,,,,,,,,,,,,,,,,,,,,,,,,,,,
PP_0003FQY.3,,,,,,,,,,,CGA,,,,,,,,GCTGTATTGAGTAGTTGTATAGTTGTA,,,G,,,,TTT,G,,,,,,,,,,,,,,,,
PP_0004JRR.3,,,,,,,,,,,CGA,,,,,,,,,,,,,,,,,,,,,,,,,,,,,,,,
PP_0001AXT.3,,,,,,,,,,,CGA,,,,,,,,GCTGTATTGAGTAGTTGTATAGTTGTA,,,A,,,,TTT,G,,,,,,,,,,,,,,,,
PP_0000QJ7.3,,,,,,,,,,,CGA,,,,,,,,GCTGTATTGAGTAGTTGTATAGTTGTA,,,A,,,,,G,,,,,,,,,,,,,,,,
PP_0001AZP.3,,,,,,,,,,,CGA,,,,,,,,GCTGTATTGAGTAGTTGTATAGTTGTA,,,A,,,,TTT,G,,,,,,,,,,,,,,,,
PP_0001B0M.3,,,,,,,,,,,CGA,,,,,,,,GCTGTATTGAGTAGTTGTATAGTTGTA,,,A,,,,TTT,G,,,,,,,,,,,,,,,,
PP_0001B4D.3,,,,,,,,,,,CGA,,,,,,,,GCTGTATTGAGTAGTTGTATAGTTGTA,,,A,,,,TTT,G,,,,,,,,,,,,,,,,
PP_0001GZH.3,,,,,,,,,,,CGA,,,,,,,,GCTGTATTGAGTAGTTGTATAGTTGTA,,,A,,,,TTT,G,,,,,,,,,,,,,,,,
PP_000351M.3,,,,,,,,,,,CGA,,,,,,,,GCTGTATTGAGTAGTTGTATAGTTGTA,,,A,,,,TTT,G,,,,,,,,,,,,,,,,
PP_00038MB.3,,,,,,,,,,,CGA,,,,,,,,,,,,,,,,,,,,,,,,,,,,,,,,
PP_00038P7.3,,,,,,,,,,,CGA,,,,,,,,,,,,,,,,,,,,,,,,,,,,,,,,
PP_00038N9.3,,,,,,,,,,,CGA,,,,,,,,,,,,,,,,,,,,,,,,,,,,,,,,
PP_000391H.3,,,,,,,,,,,CGA,,,,,,,,,,,,,,,,,,,,,,,,,,,,,,,,
PP_0003991.3,,,,,,,,,,,CGA,,,,,,,,,,,,,,,,,,,,,,,,,,,,,,,,
PP_00039HJ.3,,,,,,,,,,,CGA,,,,,,,,,,,,,,,,,,,,,,,,,,,,,,,,
PP_00039JG.3,,,,,,,,,,,CGA,,,,,,,,,,,,,,,,,,,,,,,,,,,,,,,,
PP_00039MA.3,,,,,,,,,,,CGA,,,,,,,,,,,,,,,,,,,,,,,,,,,,,,,,
PP_00039N8.3,,,,,,,,,,,CGA,,,,,,,,,,,,,,,,,,,,,,,,,,,,,,,,
PP_00038R3.3,,,,,,,,,,,CGA,,,,,,,,,,,,,,,,,,,,,,,,,,,,,,,,
PP_00038WT.3,,,,,,,,,,,CGA,,,,,,,,,,,,,,,,,,,,,,,,,,,,,,,,
PP_00038YP.3,,,,,,,,,,,CGA,,,,,,,,,,,,,,,,,,,,,,,,,,,,,,,,
PP_000393D.3,,,,,,,,,,,CGA,,,,,,,,,,,,,,,,,,,,,,,,,,,,,,,,
PP_000392F.3,,,,,,,,,,,CGA,,,,,,,,,,,,,,,,,,,,,,,,,,,,,,,,
PP_00032KM.3,,,,,,,,,,,CGA,,,,,,,,GCTGTATTGAGTAGTTGTATAGTTGTA,,,A,,,,TTT,G,,,,,,,,,,,,,,,,
PP_0002X9F.3,,,,,,,,,,,CGA,,,,,,,,,,,,,,,,,,,,,,,,,,,,,,,,
PP_0003J18.3,,,,,,,,,,,CGA,,,,,,,,,,,,,,,,,,,,,,,,,,,,,,,,
PP_0003HUN.3,,,,,,,,,,,CGA,,,,,,,,,,,,,,,,,,,,,,,,,,,,,,,,
PP_0001B5B.3,,,,,,,,,,,CGA,,,,,,,,GTTGTATTGAGTAGTTGTATAGTTGTA,,,A,,,,TTT,G,,,,,,,,,,,,,,,,
PP_000352K.3,,,,,,,,,,,CGA,,,,,,,,GCTGTATTGAGTAGTTGTATAGTTGTA,,,A,,,,TTT,G,,,,,,,,,,,,,,,,
PP_0003FJA.3,,,,,,,,,,,CGA,,,,,,,,GCTGTATTGAGTAGTTGTATAGTTGTA,,,A,,,,TTT,G,,,,,,,,,,,,,,,,
PP_0003FK8.3,,,,,,,,,,,CGA,,,,,,,,GCTGTATTGAGTAGTTGTATAGTTGTA,,,A,,,,TTT,G,,,,,,,,,,,,,,,,
PP_0003FL6.3,,,,,,,,,,,CGA,,,,,,,,GCTGTATTGAGTAGTTGTATAGTTGTA,,,A,,,,TTT,G,,,,,,,,,,,,,,,,
PP_00039P6.3,,,,,,,,,,,CGA,,,,,,,,,,,,,,,,,,,,,,,,,,,,,,,,
PP_0003FRW.3,,,,,,,,,,,CGA,,,,,,,,GCTGTATTGAGTAGTTGTATAGTTGTA,,,A,,,,TTT,G,,,,,,,,,,,,,,,,
PP_0004F51.3,,,,,,,,,,,CGA,,,,,,,,GCTGTATTGAGTAGTTGCATAGTTGTA,,,A,,,,TTT,G,,,,,,,,,,,,,,,,
PP_0004F7X.3,,,,,,,,,,,CGA,,,,,,,,GCTGTATTGAGTAGTTGCATAGTTGTA,,,A,,,,TTT,G,,,,,,,,,,,,,,,,
PP_0004FDK.3,,,,,,,,,,,CGA,,,,,,,,GCTGTATTGAGTAGTTGCATAGTTGTA,,,A,,,,TTT,G,,,,,,,,,,,,,,,,
PP_0004G0A.3,,,,,,,,,,,CGA,,,,,,,,GCTGTATTGAGTAGTTGCATAGTTGTA,,,A,,,,TTT,G,,,,,,,,,,,,,,,,
PP_0003LQT.3,,,,,,,,,,,CGA,,,,,,,,GCTGTATTGAGTAGTTGTATAGTTGTA,,,A,,,,TTT,G,,,,,,,,,,,,,,,,
PP_0004C8Y.3,,,,,,,,,,,CGA,,,,,,,,GCTGTATTGAGTAGTTGTATAGTTGTA,,,A,,,,TTT,G,,,,,,,,,,,,,,,,
PP_0004CAU.3,,,,,,,,,,,CGA,,,,,,,,GCTGTAATGAGTAGTTGTATAGTTGTA,,,A,,,,TTT,G,,,,,,,,,,,,,,,,
PP_0004CBS.3,,,,,,,,,,,CGA,,,,,,,,GCTGTATTGAGTAGTTGTATAGTTGTA,,,A,,,,TTT,G,,,,,,,,,,,,,,,,
PP_0004FHA.3,,,,,,,,,,,CGA,,,,,,,,GCTGTATTGAGTAGTTGTATAGTTGTA,,,A,,,,TTT,G,,,,,,,,,,,,,,,,
PP_0004FRU.3,,,,,,,,,,,CGA,,,,,,,,GCTGTATTGAGTAGTTGTATAGTTGTA,,,A,,,,TTT,G,,,,,,,,,,,,,,,,
PP_0004GAQ.3,,,,,,,,,,,CGA,,,,,,,,GCTGTATTGAGTAGTTGTATAGTTGTA,,,A,,,,TTT,G,,,,,,,,,,,,,,,,
PP_0004CCQ.3,,,,,,,,,,,CGA,,,,,,,,GCTGTATTGAGTAGTTGTATAGTTGTA,,,A,,,,TTT,G,,,,,,,,,,,,,,,,
PP_0004CDN.3,,,,,,,,,,,CGA,,,,,,,,GCTGTATTGAGTAGTTGTATAGTTGTA,,,A,,,,TTT,G,,,,,,,,,,,,,,,,
PP_0004CEL.3,,,,,,,,,,,CGA,,,,,,,,GCTGTATTGAGTAGTTGTATAGTTGTA,,,A,,,,TTT,G,,,,,,,,,,,,,,,,
PP_0004CFJ.3,,,,,,,,,,,CGA,,,,,,,,GCTGTATTGAGTAGTTGTATAGTTGTA,,,A,,,,TTT,G,,,,,,,,,,,,,,,,
PP_0004C9W.3,,,,,,,,,,,CGA,,,,,,,,GCTGTATTGAGTAGTTGTATAGTTGTA,,,A,,,,TTT,G,,,,,,,,,,,,,,,,
PP_0003EDN.3,,,,,,,,,,,CGA,,,,,,,,GCTGTATTGAGTAGTTGTATAGTTGTA,,,G,,,,,G,,,,,,,,,,,,,,,,
PP_0003EFJ.3,,,,,,,,,,,CGA,,,,,,,,GCTGTATTGAGTAGTTGTATAGTTGTA,,,G,,,,TTT,G,,,,,,,,,,,,,,,,
PP_0003EGG.3,,,,,,,,,,,CGA,,,,,,,,GCTGTATTGAGTAGTTGTATAGTTGTA,,,G,,,,TTT,G,,,,,,,,,,,,,,,,
PP_0003EEL.3,,,,,,,,,,,CGA,,,,,,,,GCTGTATTGAGTAGTTGTATAGTTGTA,,,G,,,,TTT,G,,,,,,,,,,,,,,,,
PP_0003FM4.3,,,,,,,,,,,CGA,,,,,,,,GCTGTATTGAGTAGTTGTATAGTTGTA,,,A,,,,TTT,G,,,,,,,,,,,,,,,,
PP_0004F19.3,,,,,,,,,,,CGA,,,,,,,,GCTGTATTGAGTAGTTGTATAGTTGTA,,,A,,,,TTT,G,,,,,,,,,,,,,,,,
PP_0004G18.3,,,,,,,,,,,CGA,,,,,,,,GCTGTATTGAGTAGTTGTATAGTTGTA,,,A,,,,TTT,G,,,,,,,,,,,,,,,,
PP_0004FL4.3,,,,,,,,,,,CGA,,,,,,,,GCTGTATTGAGTAGTTGTATAGTTGTA,,,A,,,,TTT,G,,,,,,,,,,,,,,,,
PP_0004GDJ.3,,,,,,,,,,,CGA,,,,,,,,GCTGTATTGAGTAGTTGTATAGTTGTA,,,A,,,,TTT,G,,,,,,,,,,,,,,,,
PP_0004G34.3,,,,,,,,,,,CGA,,,,,,,,GCTGTATTGAGTAGTTGCATAGTTGTA,,,A,,,,TTT,G,,,,,,,,,,,,,,,,
PP_0004EXH.3,,,,,,,,,,,CGA,,,,,,,,GCTGTATTGAGTAGTTGCATAGTTGTA,,,A,,,,TTT,G,,,,,,,,,,,,,,,,
PP_0003GPZ.3,,,,,,,,,,,CGA,,,,,,,,GCTGTATTGAGTAGTTGTATAGTTGTA,,,A,,,,TTT,G,,,,,,,,,,,,,,,,
PP_0003LRR.3,,,,,,,,,,,CGA,,,,,,,,GCTGTATTGAGTAGTTGTATAGTTGTA,,,A,,,,TTT,G,,,,,,,,,,,,,,,,
PP_0003KDH.3,,,,,,,,,,,CGA,,,,,,,,GCTGTATTGAGTAGTTGTATAGTTGTA,,,A,,,,TTT,G,,,,,,,,,,,,,,,,
PP_0003KCK.3,,,,,,,,,,,CGA,,,,,,,,GCTGTATTGAGTAG,,,A,,,,TTT,G,,,,,,,,,,,,,,,,
PP_0004GH9.3,,,,,,,,,,,CGA,,,,,,,,GCTGTATTGAGTAG,,,A,,,,TTT,G,,,,,,,,,,,,,,,,
PP_0004GJ7.3,,,,,,,,,,,CGA,,,,,,,,GCTGTATTGAGTAG,,,A,,,,TTT,G,,,,,,,,,,,,,,,,
PP_0004F8V.3,,,,,,,,,,,CGA,,,,,,,,GCTGTATTGAGTAG,,,A,,,,TTT,G,,,,,,,,,,,,,,,,
PP_0004FVL.3,,,,,,,,,,,CGA,,,,,,,,GCTGTATTGAGTAG,,,A,,,,TTT,G,,,,,,,,,,,,,,,,
PP_0004G8U.3,,,,,,,,,,,CGA,,,,,,,,GCTGTATTGAGTAG,,,A,,,,TTT,G,,,,,,,,,,,,,,,,
PP_0004GBN.3,,,,,,,,,,,CGA,,,,,,,,GCTGTATTGAGTAG,,,A,,,,TTT,G,,,,,,,,,,,,,,,,
PP_0004FAR.3,,,,,,,,,,,CGA,,,,,,,,GCTGTATTGAGTAG,,,A,,,,TTT,G,,,,,,,,,,,,,,,,
PP_0004F9T.3,,,,,,,,,,,CGA,,,,,,,,GCTGTATTGAGTAG,,,A,,,,TTT,G,,,,,,,,,,,,,,,,
PP_0004G9S.3,,,,,,,,,,,CGA,,,,,,,,GCTGTATTGAGTAG,,,A,,,,TTT,G,,,,,,,,,,,,,,,,
PP_0004FM2.3,,,,,,,,,,,CGA,,,,,,,,GCTGTATTGAGTAG,,,A,,,,TTT,G,,,,,,,,,,,,,,,,
PP_0004FSS.3,,,,,,,,,,,CGA,,,,,,,,GCTGTATTGAGTAG,,,A,,,,TTT,G,,,,,,,,,,,,,,,,
PP_0004FJ8.3,,,,,,,,,,,CGA,,,,,,,,GCTGTATTGAGTAG,,,A,,,,TTT,G,,,,,,,,,,,,,,,,
PP_0003LPV.3,,,,,,,,,,,CGA,,,,,,,,GCTGTATTGAGTAG,,,A,,,,TTT,G,,,,,,,,,,,,,,,,
PP_0003LTM.3,,,,,,,,,,,CGA,,,,,,,,GCTGTATTGAGTAG,,,A,,,,TTT,G,,T,,,,,,,,,,,,,,
PP_0003LUK.3,,,,,,,,,,,CGA,,,,,,,,GCTGTATTGAGTAG,,,A,,,,TTT,G,,,,,,,,,,,,,,,,
PP_0000JRZ.3,,,,,,,,,,,CGA,,,,,,,,GCTGTATTGAGTAGTTGTATAGTTGTA,,,A,,,,TTT,G,,,,,,,,,,,,,,,,
PP_0000V7R.3,,,,,,,,,,,CGA,,,,,,,,GCTGTATTGAGTAGTTGTATAGTTGTA,,,A,,,,TTT,G,,,,,,,,,,,,,,,,
PP_0000VEB.3,,,,,,,,,,,CGA,,,,,,,,GCTGTATTGAGTAGTTGTATAGTTGTA,,,A,,,,TTT,G,,,,,,,,,,,,,,,,
PP_0001ZJW.3,,,,,,,,,,,CGA,,,,,,,,GCTGTATTGAGTAGTTGTATAGTTGTA,,,A,,,,TTT,G,,,,,,,,,,,,,,,C,
PP_0008KJW.3,,,,,,,,,,,CGA,,,,,,,,GCTGTATTGAGTAGTTGTATAGTTGTA,,,A,,,,TTT,G,,,,,,,,,,,,,,,,
PP_00031GV.3,,,,,,,,,,,CGA,,,,,,,,GCTGTATTGAGTAGTTGTATAGTTGTA,,,A,,,,TTT,G,,,,,,,,,,,,,,,,
PP_00031HS.3,,,,,,,,,,,CGA,,,,,,,,GCTGTATTGAGTAGTTGTATAGTTGTA,,,A,,,,TTT,G,,,,,,,,,,,,,,,,
PP_00031JQ.3,,,,,,,,,,,CGA,,,,,,,,GCTGTATTGAGTAGTTGTATAGTTGTA,,,A,,,,TTT,G,,,,,,,,,,,,,,,,
PP_00031NG.3,,,,,,,,,,,CGA,,,,,,,,GCTGTATTGAGTAGTTGTATAGTTGTA,,,A,,,,TTT,G,,,,,,,,,,,,,,,,
PP_00031LL.3,,,,,,,,,,,CGA,,,,,,,,GCTGTATTGAGTAGTTGTATAGTTGTA,,,A,,,,TTT,G,,,,,,,,,,,,,,,,
PP_00031MJ.3,,,,,,,,,,,CGA,,,,,,,,GCTGTATTGAGTAGTTGTATAGTTGTA,,,A,,,,TTT,G,,,,,,,,,,,,,,,,
PP_00017LJ.3,,,,,,,,,,,CGA,,,,,,,,GCTGTATTGAGTAGTTGTATAGTTGTA,,,A,,,,TTT,G,,,,,,,,,,,,,,,,
PP_00017QA.3,,,,,,,,,,,CGA,,,,,,,,GCTGTATTGAGTAGTTGTATAGTTGTA,,,A,,,,TTT,G,,,,,,,,,,,,,,,,
PP_0000PL4.3,,,,,,,,,,,CGA,,,,,,,,GCTGTATTGAGTAGTTGTATAGTTGTA,,,A,,,,TTT,G,,,,,,,,,,,,,,,,
PP_00017GT.3,,,,,,,,,,,CGA,,,,,,,,GCTGTATTGAGTAGTTGTATAGTTGTA,,,A,,,,TTT,G,,,,,,,,,,,,,,,,
PP_00017KL.3,,,,,,,,,,,CGA,,,,,,,,GCTGTATTGAGTAGTTGTATAGTTGTA,,,A,,,,TTT,G,,,,,,,,,,,,,,,,
PP_00017HQ.3,,,,,,,,,,,CGA,,,,,,,,GCTGTATTGAGTAGTTGTATAGTTGTA,,,A,,,,TTT,G,,,,,,,,,,,,,,,,
PP_00017JN.3,,,,,,,,,,,CGA,,,,,,,,GCTGTATTGAGTAGTTGTATAGTTGTA,,,A,,,,TTT,G,,,,,,,,,,,,,,,,
PP_00017NE.3,,,,,,,,,,,CGA,,,,,,,,GCTGTATTGAGTAGTTGTATAGTTGTA,,,A,,,,TTT,G,,,,,,,,,,,,,,,,
PP_00017PC.3,,,,,,,,,,,CGA,,,,,,,,GCTGTATTGAGTAGTTGTATAGTTGTA,,,A,,,,TTT,G,,,,,,,,,,,,,,,,
PP_00017FV.3,,,,,,,,,,,CGA,,,,,,,,GCTGTATTGAGTAGTTGTATAGTTGTA,,,A,,,,TTT,G,,,,,,,,,,,,,,,,
PP_00017MG.3,,,,,,,,,,,CGA,,,,,,,,GCTGTATTGAGTAGTTGTATAGTTGTA,,,A,,,,TTT,G,,,,,,,,,,,,,,,,
PP_0002WBC.3,,,,,,,,,,,CGA,,,,,,,,GCTGTATTGAGTAGTTGTATAGTTGTA,,,A,,,,TTT,G,,,,,,,,,,,,,,,,
PP_00030FY.3,,,,,,,,,,,CGA,,,,,,,,GCTGTATTGAGTAGTTGTATAGTTGTA,,,A,,,,TTT,G,,,,,,,,,,,,,,,,
PP_0001G1E.3,,,,,,,,,,,CGA,,,,,,,,GCTGTATTGAGTAGTTGTATAGTTGTA,,,A,,,,TTT,G,,,,,,,,,,,,,,,,
PP_0001G3A.3,,,,,,,,,,,CGA,,,,,,,,GCTGTATTGAGTAGTTGTATAGTTGTA,,,A,,,,TTT,G,,,,,,,,,,,,,,,,
PP_0001GRZ.3,,,,,,,,,,,CGA,,,,,,,,GCTGTATTGAGTAGTTGTATAGTTGTA,,,A,,,,TTT,G,,,,,,,,,,,,,,,,
PP_0001G48.3,,,,,,,,,,,CGA,,,,,,,,GCTGTATTGAGTAGTTGTATAGTTGTA,,,A,,,,TTT,G,,,,,,,,,,,,,,,,
PP_0001G56.3,,,,,,,,,,,CGA,,,,,,,,GCTGTATTGAGTAGTTGTATAGTTGTA,,,A,,,,TTT,G,,,,,,,,,,,,,,,,
PP_0001G64.3,,,,,,,,,,,CGA,,,,,,,,GCTGTATTGAGTAGTTGTATAGTTGTA,,,A,,,,TTT,G,,,,,,,,,,,,,,,,
PP_0001G72.3,,,,,,,,,,,CGA,,,,,,,,GCTGTATTGAGTAGTTGTATAGTTGTA,,,A,,,,TTT,G,,,,,,,,,,,,,,,,
PP_0001HSW.3,,,,,,,,,,,CGA,,,,,,,,,,,,,,,,,,,,,,,,,,,,,,,,
PP_00031FX.3,,,,,,,,,,,CGA,,,,,,,,GCTGTATTGAGTAGTTGTATAGTTGTA,,,A,,,,TTT,G,,,,,,,,,,,,,,,,
PP_00039S0.3,,,,,,,,,,,CGA,,,,,,,,GCTGTATTGAGTAGTTGTATAGTTGTA,,,A,,,,TTT,G,,,,,,,,,,,,,,,,
PP_00037P8.3,,,,,,,,,,,CGA,,,,,,,,GCTGTATTGAGTAGTTGTATAGTTGTA,,,A,,,,TTT,G,,,,,,,,,,,,,,,,
PP_00037S2.3,,,,,,,,,,,CGA,,,,,,,,GCTGTATTGAGTAGTTGTATAGTTGTG,,,A,,,,TTT,G,,,,,,,,,,,,,,,,
PP_00037T0.3,,,,,,,,,,,CGA,,,,,,,,GCTGTATTGAGTAGTTGTATAGTTGTG,,,A,,,,TTT,G,,,,,,,,,,,,,,,,
PP_00037YQ.3,,,,,,,,,,,CGA,,,,,,,,GCTGTATTGAGTAGTTGTATAGTTGTG,,,A,,,,TTT,G,,,,,,,,,,,,,,,,
PP_00037R4.3,,,,,,,,,,,CGA,,,,,,,,GCTGTATTGAGTAGTTGTATAGTTGTA,,,A,,,,TTT,G,,,,,,,,,,,,,,,,
PP_0004JVH.3,,,,,,,,,,,CGA,,,,,,,,,,,,,,,,,,,,,,,,,,,,,,,,
PP_0004JUK.3,,,,,,,,,,,CGA,,,,,,,,,,,,,,,,,,,,,,,,,,,,,,,,
PP_0003B49.3,,,,,,,,,,,CGA,,,,,,,,GCTGTATTGAGTAGTTGTATAGTTGTA,,,A,,,,TTT,G,,,,,,,,,,,,,,,,
PP_0003B65.3,,,,,,,,,,,CGA,,,,,,,,GTTGTATTGAGTAGTTGTATAGTTGTA,,,A,,,,TTT,G,,,,,,,,,,,,,,,,
PP_0003BFM.3,,,,,,,,,,,CGA,,,,,,,,GCTGTATTGAGTAGTTGCATAGTTGTA,,,A,,,,TTT,G,,,,,,,,,,,,,,,,
PP_000SNRA.1,,,,,,,,,,,CGA,,,,,,,,GCTGTATTGAGTAGTTGCATAGTTGTA,,,A,,,,TTT,G,,,,,,,,,,,,,,,,
PP_0003L24.3,,,,,,,,,,,CGA,,,,,,,,GCTGTATTGAGTAGTTGCATAGTTGTA,,,A,,,,KTT,G,,,,,,,,,,,,,,,,
PP_000SNT6.1,,,,,,,,,,,CGA,,,,,,,,GCTGTATTGAGTAGTTGTATAGTTGTA,,,A,,,,TTT,G,,,,,,,,,,,,,,,,
PP_000SNS8.1,,,,,,,,,,,CGA,,,,,,,,GCTGTATTGAGTAGTTGCATAGTTGTA,,,A,,,,GTT,G,,,,,,,,,,,,,,,,
PP_000SNU4.1,,,,,,,,,,,CGA,,,,,,,,GCTGTATTGAGTAGTTGCATAGTTGTA,,,A,,,,TTT,G,,,,,,,,,,,,,,,,
PP_00039R2.3,,,,,,,,,,,CGA,,,,,,,,GCTGTATTGAGTAGTTGTATAGTTGTA,,,A,,,,TTT,G,,,,,,,,,,,,,,,,
PP_00039TY.3,,,,,,,,,,,CGA,,,,,,,,GCTGTATTGAGTAGTTGTATAGTTGTA,,,A,,,,TTT,G,,,,,,,,,,,,,,,,
PP_00039UW.3,,,,,,,,,,,CGA,,,,,,,,GCTGTATTGAGTAGTTGTATAGTTGTA,,,A,,,,TTT,G,,,,,,,,,,,,,,,,
PP_0003DQ0.3,,,,,,,,,,,CGA,,,,,,,,GCTGTATTGAGTAGTTGCATAGTTGTA,,,A,,,,TTT,G,,,,,,,,,,,,,,,,
PP_000344G.3,,,,,,,,,,,CGA,,,,,,,,GCTGTATTGAGTAGTTGTATAGTTGTA,,,A,,,,TTT,G,,,,,,,,,,,,,,,,
PP_0003DJC.3,,,,,,,,,,,CGA,,,,,,,,GCTGTATTGAGTAGTTGTATAGTTGTA,,,A,,,,TTT,G,,,,,,,,,,,,,,,,
PP_0003DUS.3,,,,,,,,,,,CGA,,,,,,,,GCTGTATTGAGTAGTTGTATAGTTGTA,,,A,,,,TTT,G,,,,,,,,,,,,,,,,
PP_0003DZG.3,,,,,,,,,,,CGA,,,,,,,,GCTGTATTGAGTAGTTGTATAGTTGTA,,,A,,,,TTT,G,,,,,,,,,,,,,,,,
PP_0003E0E.3,,,,,,,,,,,CGA,,,,,,,,GCTGTATTGAGTAGTTGTATAGTTGTA,,,A,,,,TTT,G,,,,,,,,,,,,,,,,
PP_0003E62.3,,,,,,,,,,,CGA,,,,,,,,GCTGTATTGAGTAGTTGTATAGTTGTA,,,A,,,,TTT,G,,,,,,,,,,,,,,,,
PP_0003E2A.3,,,,,,,,,,,CGA,,,,,,,,GCTGTATTGAGTAGTTGTATAGTTGTA,,,A,,,,TTT,G,,,,,,,,,,,,,,,,
PP_0003DWN.3,,,,,,,,,,,CGA,,,,,,,,GCTGTATTGAGTAGTTGTATAGTTGTA,,,A,,,,TTT,G,,,,,,,,,,,,,,,,
PP_0003E70.3,,,,,,,,,,,CGA,,,,,,,,GCTGTATTGAGTAGTTGTATAGTTGTA,,,A,,,,TTT,G,,,,,,,,,,,,,,,,
PP_0003E8Y.3,,,,,,,,,,,CGA,,,,,,,,GCTGTATTGAGTAGTTGTATAGTTGTA,,,A,,,,TTT,G,,,,,,,,,,,,,,,,
PP_0003EAU.3,,,,,,,,,,,CGA,,,,,,,,GCTGTATTGAGTAGTTGTATAGTTGTA,,,A,,,,TTT,G,,,,,,,,,,,,,,,,
PP_0003EBS.3,,,,,,,,,,,CGA,,,,,,,,GCTGTATTGAGTAGTTGTATAGTTGTA,,,A,,,,TTT,G,,,,,,,,,,,,,,,,
PP_0003ECQ.3,,,,,,,,,,,CGA,,,,,,,,GCTGTATTGAGTAGTCGTATAGTTGTA,,,A,,,,TTT,G,,,,,,,,,,,,,,,,
PP_0003E54.3,,,,,,,,,,,CGA,,,,,,,,GCTGTATTGAGTAGTTGTATAGTTGTA,,,A,,,,TTT,G,,,,,,,,,,,,,,,,
PP_0003E46.3,,,,,,,,,,,CGA,,,,,,,,GCTGTATTGAGTAGTTGTATAGTTGTA,,,A,,,,TTT,G,,,,,,,,,,,,,,,,
PP_0003E9W.3,,,,,,,,,,,CGA,,,,,,,,GCTGTATTGAGTAGTTGTATAGTTGTA,,,A,,,,TTT,G,,,,,,,,,,,,,,,,
PP_0003E38.3,,,,,,,,,,,CGA,,,,,,,,GCTGTATTGAGTAGTTGTATAGTTGTA,,,A,,,,TTT,G,,,,,,,,,,,,,,,,
PP_0003M6V.3,,,,,,,,,,,CGA,,,,,,,,GCTGTATTGAGTAGTTGTATAGTTGTA,,,A,,,,TTT,G,,,,,,,,,,,,,,,,
PP_0003MTL.3,,,,,,,,,,,CGA,,,,,,,,GCTGTATTGAGTAGTTGTATAGTTGTA,,,A,,,,TTT,G,,,,,,,,,,,,,,,,
PP_0003M7T.3,,,,,,,,,,,CGA,,,,,,,,GCTGTATTGAGTAGTTGTATAGTTGTA,,,A,,,,TTT,G,,,,,,,,,,,,,,,,
PP_0003M8R.3,,,,,,,,,,,CGA,,,,,,,,GCTGTATTGAGTAGTTGTATAGTTGTA,,,A,,,,TTT,G,,,,,,,,,,,,,,,,
PP_0003MAM.3,,,,,,,,,,,CGA,,,,,,,,GCTGTATTGAGTAGTTGTATAGTTGTA,,,A,,,,TTT,G,,,,,,,,,,,,,,,,
PP_0003MED.3,,,,,,,,,,,CGA,,,,,,,,GCTGTATTGAGTAGTTGTATAGTTGTA,,,A,,,,TTT,G,,,,,,,,,,,,,,,,
PP_0003MJ4.3,,,,,,,,,,,CGA,,,,,,,,GCTGTATTGAGTAGTTGTATAGTTGTA,,,A,,,,TTT,G,,,,,,,,,,,,,,,,
PP_0003ML0.3,,,,,,,,,,,CGA,,,,,,,,GCTGTATTGAGTAGTTGTATAGTTGTA,,,A,,,,TTT,G,,,,,,,,,,,,,,,,
PP_0003MBK.3,,,,,,,,,,,CGA,,,,,,,,GCTGTATTGAGTAGTTGTATAGTTGTA,,,A,,,,TTT,G,,,,,,,,,,,,,,,,
PP_0003MFB.3,,,,,,,,,,,CGA,,,,,,,,GCTGTATTGAGTAGTTGTATAGTTGTA,,,A,,,,TTT,G,,,,,,,,,,,,,,,,
PP_0003MG9.3,,,,,,,,,,,CGA,,,,,,,,GCTGTATTGAGTAGTTGTATAGTTGTA,,,A,,,,TTT,G,,,,,,,,,,,,,,,,
PP_0003MH6.3,,,,,,,,,,,CGA,,,,,,,,GCTGTATTGAGTAGTTGTATAGTTGTA,,,A,,,,TTT,G,,,,,,,,,,,,,,,,
PP_0003MK2.3,,,,,,,,,,,CGA,,,,,,,,GCTGTATTGAGTAGTTGTATAGTTGTA,,,A,,,,TTT,G,,,,,,,,,,,,,,,,
PP_0003M9P.3,,,,,,,,,,,CGA,,,,,,,,GCTGTATTGAGTAGTTGTATAGTTGTA,,,A,,,,TTT,G,,,,,,,,,,,,,,,,
PP_0003MWE.3,,,,,,,,,,,CGA,,,,,,,,GCTGTATTGAGTAGTTGTATAGTTGTA,,,A,,,,TTT,G,,,,,,,,,,,,,,,,
PP_0003MVG.3,,,,,,,,,,,CGA,,,,,,,,GCTGTATTGAGTAGTTGTATAGTTGTA,,,A,,,,TTT,G,,,,,,,,,,,,,,,,
PP_0003MUJ.3,,,,,,,,,,,CGA,,,,,,,,GCTGTATTGAGTAGTTGTATAGTTGTA,,,A,,,,TTT,G,,,,,,,,,,,,,,,,
PP_0003MPU.3,,,,,,,,,,,CGA,,,,,,,,GCTGTATTGAGTAGTTGTATAGTTGTA,,,A,,,,TTT,G,,,,,,,,,,,,,,,,
PP_0003MQS.3,,,,,,,,,,,CGA,,,,,,,,GCTGTATTGAGTAGTTGTATAGTTGTA,,,A,,,,TTT,G,,,,,,,,,,,,,,,,
PP_0003MCH.3,,,,,,,,,,,CGA,,,,,,,,GCTGTATTGAGTAGTTGGATAGTTGTA,,,A,,,,TTT,G,,,,,,,,,,,,,,,,
PP_0003MDF.3,,,,,,,,,,,CGA,,,,,,,,GCTGTATTGAGTAGTTGTATAGTTGTA,,,A,,,,TTT,G,,,,,,,,,,,,,,,,
PP_0003MNW.3,,,,,,,,,,,CGA,,,,,,,,GCTGTATTGAGTAGTTGTATAGTTGTA,,,A,,,,TTT,G,,,,,,,,,,,,,,,,
PP_0003MMY.3,,,,,,,,,,,CGA,,,,,,,,GCTGTATTGAGTAGTTGTATAGTTGTA,,,A,,,,TTT,G,,,,,,,,,,,,,,,,
PP_0003MSN.3,,,,,,,,,,,CGA,,,,,,,,GCTGTATTGAGTAGTTGTATAGTTGTA,,,A,,,,TTT,G,,,,,,,,,,,,,,,,
PP_0003MRQ.3,,,,,,,,,,,CGA,,,,,,,,GCTGTATTGAGTAGTTGTATAGTTGTA,,,A,,,,TTT,G,,,,,,,,,,,,,,,,
PP_0003DN4.3,,,,,,,,,,,CGA,,,,,,,,GCTGTATTGAGTAGTTGTATAGTTGTA,,,A,,,,TTT,G,,,,,,,,,,,,,,,,
PP_0003DP2.3,,,,,,,,,,,CGA,,,,,,,,GCTGTATTGAGTAGTTGTATAGTTGTA,,,A,,,,TTT,G,,,,,,,,,,,,,,,,
PP_0003DSW.3,,,,,,,,,,,CGA,,,,,,,,GCTGTATTGAGTAGTTGTATAGTTGTA,,,A,,,,TTT,G,,,,,,,,,,,,,,,,
PP_000RY3D.2,,,,,,,,,,,CGA,,,,,,,,GCTGTATTGTTGTATAG,,,,,,,TTT,G,,,,,,,,,,,,,,,,
PP_000RY4B.2,,,,,,,,,,,CGA,,,,,,,,GCTGTATTGAGTAGTTGTATAGTTGTA,,,A,,,,TTT,G,,,,,,,,,,,,,,,,
PP_0002DSY.3,,,,,,,,,,,CGA,,,,,,,,GCTGTATTGAGTAGTTGTATAGTTGTA,,,A,,,,ATT,G,,,,,,,,,,,,,,,C,AACACACCCA
PP_0003B81.3,,,,,,,,,,,CGA,,,,,,,,GCTGTATTGAGTAGTTGTATAGTTGTA,,,A,,,,ATT,G,,,,,,,,,,,,,,,,
PP_00030YX.3,,,,,,,,,,,CGA,,,,,,,,GCTGTATTGAGTAGTTGTATAGTTGTA,,,A,,,,TTT,G,,,,,,,,,,,,,,,,
PP_00037KG.3,,,,,,,,,,,CGA,,,,,,,,GCTGTATTGAGTAGTTGTATAGTTGTA,,,,,,,TAG,G,,,,,,,,,,,,,,,,
PP_00037MC.3,,,,,,,,,,,CGA,,,,,,,,GCTGTATTGAGTAGTTGTATAGTTGTA,,,,,,,TAG,G,,,,,,,,,,,,,,,,
PP_00037WU.3,,,,,,,,,,,CGA,,,,,,,,GCTGTATTGAGTAGTTGTATAGTTGTA,,,,,,,TAG,G,,,,,,,,,,,,,,,,
PP_00037NA.3,,,,,,,,,,,CGA,,,,,,,,GCTGTATTGAGTAGTTGTATAGTTGTA,,,,,,,TAG,G,,,,,,,,,,,,,,,,
PP_00037XS.3,,,,,,,,,,,CGA,,,,,,,,GCTGTATTGAGTAGTTGTATAGTTGTA,,,,,,,TAG,G,,,,,,,,,,,,,,,,
PP_00037UY.3,,,,,,,,,,,CGA,,,,,,,,GCTGTATTGAGTAGTTGTATAGTTGTA,,,,,,,TAG,G,,,,,,,,,,,,,,,,
PP_0003B1F.3,,,,,,,,,,,CGA,,,,,,,,GCTGTATTGAGTAGTTGTATAGTTGTA,,,A,,,,TAG,G,,,,,,,,,,,,,,,,
PP_0003BDR.3,,,,,,,,,,,CGA,,,,,,,,GCTGTATTGAGTAGTTGTATAGTTGTA,,,A,,,,TAG,G,,,,,,,,,,,,,,,,
PP_0003B9Z.3,,,,,,,,,,,CGA,,,,,,,,GCTGTATTGAGTAGTTGTATAGTTGTA,,,A,,,,TAG,G,,,,,,,,,,,,,,,,
PP_00031B5.3,,,,,,,,,,,CGA,,,,,,,,GCTGTATTGAGTAGTTGTATAGTTGTA,,,A,,,,ATT,G,,,,,,,,,,,,,,,,
PP_0003H0B.3,,,,,,,,,,,CGA,,,,,,,,GCTGTATTGAGTAGTTGTATAGTTGTA,,,A,,,,ATT,G,,,,,,,,,,,,,,,,
PP_0004H09.3,,,,,,,,,,,CGA,,,,,,,,GCTGTATTGAGTAGTTGTATAGTTGTA,,,A,,,,ACT,G,,,,,,,,,,,,,,,,
PP_0004H25.3,,,,,,,,,,,CGA,,,,,,,,GCTGTATTGAGTAGTTGTATAGTTGTA,,,A,,,,ACT,G,,,,,,,,,,,,,,,,
PP_0004H33.3,,,,,,,,,,,CGA,,,,,,,,GCTGTATTGAGTAGTTGTATAGTTGTA,,,A,,,,ATT,G,,,,,,,,,,,,,,,,
PP_0004H41.3,,,,,,,,,,,CGA,,,,,,,,GCTGTATTGAGTAGTTGTATAGTTGTA,,,A,,,,ATT,G,,,,,,,,,,,,,,,,
PP_000SMPF.1,,,,,,,,,,,CGA,,,,,,,,GCTGTATTGAGTAGTTGTATAGTTGTA,,,A,,,,ATT,G,,,,,,,,,,,,,,,,
PP_000SMA8.1,,,,,,,,,,,CGA,,,,,,,,GCTGTATTGAGTAGTTGTATAGTTGTA,,,A,,,,ATT,G,,,,,,,,,,,,,,,,
PP_000RZ90.1,,,,,,,,,,,CGA,,,,,,,,GCTGTATTGAGTAGTTGTATAGTTGTA,,,A,,,,ATT,G,,,,,,,,,,,,,,,,
PP_000RZEQ.1,,,,,,,,,,,CGA,,,,,,,,GCTGTATTGAGTAGTTGTATAGTTGTA,,,A,,,,ATT,G,,,,,,,,,,,,,,,,
PP_000RZFN.1,,,,,,,,,,,CGA,,,,,,,,GCTGTATTGAGTAGTTGTATAGTTGTA,,,A,,,,ATT,G,,,,,,,,,,,,,,,,
PP_000RZCU.1,,,,,,,,,,,CGA,,,,,,,,GCTGTATTGAGTAGTTGTATAGTTGTA,,,A,,,,ATT,G,,,,,,,,,,,,,,,,
PP_000RZDS.1,,,,,,,,,,,CGA,,,,,,,,GCTGTATTGAGTAGTTGTATAGTTGTA,,,A,,,,ATT,G,,,,,,,,,,,,,,,,
PP_000S2WL.1,,,,,,,,,,,CGA,,,,,,,,GCTGTATTGAGTAGTTGTATAGTTGTA,,,A,,,,ATT,G,,,,,,,,,,,,,,,,
PP_0004H5Z.3,,,,,,,,,,,CGA,,,,,,,,GCTGTATTGAGTAGTTGTATAGTTGTA,,,A,,,,ATT,G,,,,,,,,,,,,,,,,
PP_0004JXD.3,,,,,,,,,,,CGA,,,,,,,,,,,,,,,,,,,,,,,,,,,,,,,,
PP_0004JZ9.3,,,,,,,,,,,CGA,,,,,,,,,,,,,,,,,,,,,,,,,,,,,,,,
PP_0004K15.3,,,,,,,,,,,CGA,,,,,,,,,,,,,,,,,,,,,,,,,,,,,,,,
PP_0004JSP.3,,,,,,,,,,,CGA,,,,,,,,,,,,,,,,,,,,,,,,,,,,,,,,
PP_0003199.3,,,,,,,,,,,CGA,,,,,,,,GCTGTATTGAGTAGTTGTATAGTTGTA,,,A,,,,ATT,G,,,,,,,,,,,,,,,,
PP_00031A7.3,,,,,,,,,,,CGA,,,,,,,,GCTGTATTGAGTAGTTGTATAGTTGTA,,,A,,,,ATT,G,,,,,,,,,,,,,,,,
PP_00031D1.3,,,,,,,,,,,CGA,,,,,,,,GCTGTATTGAGTAGTTGTATAGTTGTA,,,A,,,,ATT,G,,,,,,,,,,,,,,,,
PP_00031T6.3,,,,,,,,,,,CGA,,,,,,,,GCTGTATTGAGTAGTTGTATAGTTGTA,,,A,,,,ATT,G,,,,,,,,,,,,,,,,
PP_00031U4.3,,,,,,,,,,,CGA,,,,,,,,GCTGTATTGAGTAGTTGTATAGTTGTA,,,A,,,,ATT,G,,,,,,,,,,,,,,,,
PP_00031C3.3,,,,,,,,,,,CGA,,,,,,,,GCTGTATTGAGTAGTTGTATAGTTGTA,,,A,,,,ATT,G,,,,,,,,,,,,,,,,
PP_00031V2.3,,,,,,,,,,,CGA,,,,,,,,GCTGTATTGAGTAGTTGTATAGTTGTA,,,A,,,,ATT,G,,,,,,,,,,,,,,,,
PP_00031EZ.3,,,,,,,,,,,CGA,,,,,,,,GCTGTATTGAGTAGTTGTATAGTTGTA,,,A,,,,ATT,G,,,,,,,,,,,,,,,,
PP_000342L.3,,,,,,,,,,,CGA,,,,,,,,GCTGTATTGAGTAGTTGTATAGTTGTA,,,A,,,,ATT,G,,,,,,,,,,,,,,,,
PP_000343J.3,,,,,,,,,,,CGA,,,,,,,,GCTGTATTGAGTAGTTGTATAGTTGTA,,,A,,,,ATT,G,,,,,,,,,,,,,,,,
PP_0003DKA.3,,,,,,,,,,,CGA,,,,,,,,GCTGTATTGAGTAGTTGTATAGTTGTA,,,A,,,,ATT,G,,,,,,,,,,,,,,,,
PP_0003DL8.3,,,,,,,,,,,CGA,,,,,,,,GCTGTATTGAGTAGTTGTATAGTTGTA,,,A,,,,ATT,G,,,,,,,,,,,,,,,,
PP_0003DRY.3,,,,,,,,,,,CGA,,,,,,,,GCTGTATTGAGTAGTTGTATAGTTGTG,,,A,,,,ATT,G,,,,,,,,,,,,,,,,
PP_0003DM6.3,,,,,,,,,,,CGA,,,,,,,,GCTGTATTGAGTAGTTGTATAGTTGTA,,,A,,,,ATT,G,,,,,,,,,,,,,,,,
PP_0003DYJ.3,,,,,,,,,,,CGA,,,,,,,,GCTGTATTGAGTAGTTGTATAGTTGTA,,,A,,,,ATT,G,,,,,,,,,,,,,,,,
PP_0003DVQ.3,,,,,,,,,,,CGA,,,,,,,,GCTGTATTGAGTAGTTGTATAGTTGTA,,,A,,,,ATT,G,,,,,,,,,,,,,,,,
PP_0003DTU.3,,,,,,,,,,,CGA,,,,,,,,GCTGTATTGAGTAGTTGTATAGTTGTA,,,A,,,,ATT,G,,,,,,,,,,,,,,,,
PP_0003DXL.3,,,,,,,,,,,CGA,,,,,,,,GCTGTATTGAGTAGTTGTATAGTTGTA,,,A,,,,ATT,G,,,,,,,,,,,,,,,,
PP_00027T2.2,,,,,,,,,,,CGA,,,,,,,,GCTGTATTGAGTAGTTGTACAGTTGTA,,,A,,,,TTT,G,,,,,,,,,,,,,,,,
PP_0004DL6.2,,,,,,,,,,,CGA,,,,,,,,GCTGTATTGAGTAGTTGTACAGTTGTA,,,A,,,,TTT,G,,,,,,,,,,,,,,,,
PP_0004EK7.2,,,,,,,,,,,CGA,,,,,,,,GCTGTATTGAGTAGTTGTACAGTTGTA,,,A,,,,TTT,G,,,,,,,,,,,,,,,,
PP_0003H19.3,,,,,,,,,,,CGA,,,,,,,,GCTGTATTGAGTAGTTGTATAGTTGTA,,,A,,,,TTT,G,,,,,,,,,,,,,,,,
PP_0003HXG.3,,,,,,,,,,,CGA,,,,,,,,,,,,,,,,,,,,,,,,,,,,,,,,
PP_0004H17.3,,,,,,,,,,,CGA,,,,,,,,GCTGTATTGAGTAGTTGTATAGTTGTA,,,A,,,,TTT,G,,,,,,,,,,,,,,,,
PP_0004JTM.3,,,,,,,,,,,CGA,,,,,,,,,,,,,,,,,,,,,,,,,,,,,,,,
PP_0001AYR.3,,,,,,,,,,,CGA,,,,,,,,TCTGTATTGAGTAGTTGTATAGTTGTA,,,A,,,,TCT,G,,,,,,,,,,,,,,,,
PP_0004JWF.3,,,,,,,,,,,CGA,,,,,,,,,,,,,,,,,,,,,,,,,,,,,,,,
PP_0004K07.3,,,,,,,,,,,CGA,,,,,,,,,,,,,,,,,,,,,,,,,,,,,,,,
PP_000280N.2,,,,,,,,,,,CGA,,,,,,,,,,,,,,,,,,,,,,,,,,,,,,,,
PP_0003BAX.3,,,,,,,,,,,CGA,,,,,,,,GCTGTATTGAGTAGTTGTATAGTTGTA,,,A,,,,TTT,G,,,,,,,,,,,,,,,,
PP_0001H9X.3,,,,,,,,,,,CGA,,,,,,,,GTTGTATTGAATAGTTGTACAGTTGCA,,,A,,,,TTT,G,,,,,,,,,,,,,,,,
PP_0008CEC.3,,,,,,,,,,,CGA,,,,,,,,GTTGTATTGAATAGTTGTACAGTTGCA,,,A,,,,TTT,G,,,,,,,,,,,,,,,,
PP_000HXSH.3,,,,,,,,,,,CGA,,,,,,,,GCTGTATTAAATAGTTGTATGGTTGTAATTATGCTGA,,,A,,,,TTT,G,,,,,,,,,,,,,,,,
PP_0003HRU.3,,,,,,,,,,,GGA,,,,,,,,GCTGTGTTTAGTAGTTGTATAGCTGTA,,,A,,,,ACT,G,,,,,,,,,,,,,,,,
PP_0004CGG.3,,,,,,,,,,,CAA,,,,,,,,GTTGTGTTGGGTAGTTGTATAGTTGTA,,,A,,,,ATT,G,,,,,,,,,,,,,,,,
PP_00029BZ.3,,,,,,,,,,,CAA,,,,,,,,GTTGAGATGAATAGTTTGTGATTGTAGTTTAGTTAA,,,A,,,,ATT,G,,,,,,T,,,T,T,A,,,,,
PP_000K9BY.3,,,,,,,,,,,CAA,,,,,,,,GTTGAGATGAATAGTTTGTGATTGTAGTTTAGTTAA,,,A,,,,ATT,G,,,,,,T,,,T,T,A,,,,,
PP_000370M.3,,,,,,,,,,,CAA,,,,,,,,GTTGAACTGGGTAGTTGTATTATTGTATGTTAGTTGA,,,A,,,,TTT,G,,,,,,,,,,,,,,,,
PP_0008CDE.3,,,,,,,,,,,CAA,,,,,,,,GTTGAATTGGGTAGTTGTATTATTGTAGTTTAGTTGA,T,,A,,,,TTT,G,,,,,,,,,,,,,,,,
PP_000JB76.3,,,,,,,,,,,CAG,,,,,,,,GTCACATT,,,,,,,GTT,G,,,,,,,,,,,,,,,,
PP_0003LCJ.3,,,,,,,,,,,,,,GCGTGTCTG,,,,,,,,,,,,,,,,,,,,,,,,,,,,,
PP_000281L.2,,,,,,,,,,,,,,,,,,,GCTGTATTGAGTAGTTGTATAGTTGTA,,,A,,,,TTT,G,,,,,,,,,,,,,,,,
PP_000HY01.3,,,,,,,,,,,,,,,,,,,GCGTT,,,,,T,,,,,,T,,,,,,,,,,C,,AA,
PP_00017EX.3,,,,,,,,,,,,,,,,,,,AATACACA,A,A,,T,,,,,,,,ACAAA,,,,A,,,,,,,,
PP_000HRWF.3,,,,,,,,,,,,,,,,,,,CACACACA,A,G,,T,,,,,,,,ACAAG,,,,TATAGA,,,,,,,,
PP_000JWG3.3,,,,,,,,,,,,,,,,,,,CACACACA,A,G,,T,,,,,,,,ACAAG,,,,TATAGA,,,,,,,,
PP_000JWE7.3,,,,,,,,,,,,,,,,,,,CACACACA,A,G,,T,,,,,,,,ACAAG,,,,TACAGA,,,,,,,,
PP_000JWF5.3,,,,,,,,,,,,,,,,,,,CACACACA,A,T,,T,,,,,,,,ATAAG,,,,TACATA,,,,,,,,
PP_0000FZL.3,,,,,,,,,,,,,,,,,,,,,,T,,,,,,,,,,,,,,,,,,,,,
PP_0000G0J.3,,,,,,,,,,,,,,,,,,,,,,T,,,,,,,,,,,,,,,,,,,,,
PP_000K93E.3,,,,,,,,,,,,,,,,,,,,,,T,,,,,,,,,,,,,,,,,,,,,
PP_0001J8Y.3,,,,,,,,,,,,,,,,,,,,,,T,,,,,,,,,,,,,,,,,,,,,
PP_0001HTU.3,,,,,,,,,,,,,,,,,,,,,,T,,,,,,,,,,,,,,,,,,,,,
PP_0001HVQ.3,,,,,,,,,,,,,,,,,,,,,,T,,,,,,,,,,,,,,,,,,,,,
PP_0001HWN.3,,,,,,,,,,,,,,,,,,,,,,T,,,,,,,,,,,,,,,,,,,,,
PP_0001J38.3,,,,,,,,,,,,,,,,,,,,,,T,,,,,,,,,,,,,,,,,,,,,
PP_0001J46.3,,,,,,,,,,,,,,,,,,,,,,T,,,,,,,,,,,,,,,,,,,,,
PP_0001J0E.3,,,,,,,,,,,,,,,,,,,,,,T,,,,,,,,,,,,,,,,,,,,,
PP_0001J1C.3,,,,,,,,,,,,,,,,,,,,,,T,,,,,,,,,,,,,,,,,,,,,
PP_0001JQZ.3,,,,,,,,,,,,,,,,,,,,,,T,,,,,,,,,,,,,,,,,,,,,
PP_0001J2A.3,,,,,,,,,,,,,,,,,,,,,,T,,,,,,,,,,,,,,,,,,,,,
PP_0001HXL.3,,,,,,,,,,,,,,,,,,,,,,T,,,,,,,,,,,,,,,,,,,,,
PP_0001HYJ.3,,,,,,,,,,,,,,,,,,,,,,T,,,,,,,,,,,,,,,,,,,,,
PP_00020LP.3,,,,,,,,,,,,,,,,,,,,,,T,,,,,,,,,,,,,,,,,,,,,
PP_00020MM.3,,,,,,,,,,,,,,,,,,,,,,T,,,,,,,,,,,,,,,,,,,,,
PP_0001J70.3,,,,,,,,,,,,,,,,,,,,,,T,,,,,,,,,,,,,,,,,,,,,
PP_0001J54.3,,,,,,,,,,,,,,,,,,,,,,T,,,,,,,,,,,,,,,,,,,,,
PP_0001J62.3,,,,,,,,,,,,,,,,,,,,,,T,,,,,,,,,,,,,,,,,,,,,
PP_0001JL7.3,,,,,,,,,,,,,,,,,,,,,,T,,,,,,,,,,,,,,,,,,,,,
PP_0001JK9.3,,,,,,,,,,,,,,,,,,,,,,T,,,,,,,,,,,,,,,,,,,,,
PP_0001JGG.3,,,,,,,,,,,,,,,,,,,,,,T,,,,,,,,,,,,,,,,,,,,,
PP_0001JJB.3,,,,,,,,,,,,,,,,,,,,,,T,,,,,,,,,,,,,,,,,,,,,
PP_0001JM5.3,,,,,,,,,,,,,,,,,,,,,,T,,,,,,,,,,,,,,,,,,,,,
PP_0001JN3.3,,,,,,,,,,,,,,,,,,,,,,T,,,,,,,,,,,,,,,,,,,,,
PP_0001JHD.3,,,,,,,,,,,,,,,,,,,,,,T,,,,,,,,,,,,,,,,,,,,,
PP_0001JP1.3,,,,,,,,,,,,,,,,,,,,,,T,,,,,,,,,,,,,,,,,,,,,
PP_0001J9W.3,,,,,,,,,,,,,,,,,,,,,,T,,,,,,,,,,,,,,,,,,,,,
PP_000K92G.3,,,,,,,,,,,,,,,,,,,,,,T,,,,,,,,,,,,,,,,,,,,,
PP_0001JAU.3,,,,,,,,,,,,,,,,,,,,,,T,,,,,,,,,,,,,,,,,,,,,
PP_0001JBS.3,,,,,,,,,,,,,,,,,,,,,,T,,,,,,,,,,,,,,,,,,,,,
PP_000HZ4S.3,,,,,,,,,,,,,,,,,,,,,,T,,,,,,,,,,,,,,,,,,,,,
PP_0001JCQ.3,,,,,,,,,,,,,,,,,,,,,,T,,,,,,,,,,,,,,,,,,,,,
PP_0001JDN.3,,,,,,,,,,,,,,,,,,,,,,T,,,,,,,,,,,,,,,,,,,,,
PP_0001JEL.3,,,,,,,,,,,,,,,,,,,,,,T,,,,,,,,,,,,,,,,,,,,,
PP_0001JFJ.3,,,,,,,,,,,,,,,,,,,,,,T,,,,,,,,,,,,,,,,,,,,,
PP_0001TBH.3,,,,,,,,,,,,,,,,,,,,,,,TAGT,,,,,,,,,,,,,,,,,,,,
PP_0000FR2.3,,,,,,,,,,,,,,,,,,,,,,,GTATGTATGTAG,T,,T,,,,,,,,,,,,,A,,,,
PP_0001HCR.3,,,,,,,,,,,,,,,,,,,,,,,GTATGCATGTAG,T,,T,,,,,,,,,,,,,A,,,,
PP_000JBA0.3,,,,,,,,,,,,,,,,,,,,,,,GTATGCATGTAG,T,,T,,,,,,G,,,,,,,,,,,
PP_000K95A.3,,,,,,,,,,,,,,,,,,,,,,,GTATGCATGTAG,T,,T,,,,,,,,,,,,,A,,,,
PP_000K94C.3,,,,,,,,,,,,,,,,,,,,,,,GTATGTGTGTAG,T,,T,,,,,,,,,,,,,,,,,
PP_0008KUA.3,,,,,,,,,,,,,,,,,,,,,,,,A,,AAT,A,,,,,,,,,,,,,,,,
PP_00009JN.3,,,,,,,,,,,,,,,,,,,,,,,,,G,,,,,,,,,,,,,,,,,,
PP_0001GUT.3,,,,,,,,,,,,,,,,,,,,,,,,,G,,,,,,,,,,,,,,,,,,
PP_000K9CW.3,,,,,,,,,,,,,,,,,,,,,,,,,G,,,,,,,,,,,,,,,,,,
PP_0003G28.3,,,,,,,,,,,,,,,,,,,,,,,,,G,,,,,,,,,,,,,,,,,,
PP_0003G36.3,,,,,,,,,,,,,,,,,,,,,,,,,G,,,,,,,,,,,,,,,,,,
PP_0003G44.3,,,,,,,,,,,,,,,,,,,,,,,,,G,,,,,,,,,,,,,,,,,,
PP_0003G52.3,,,,,,,,,,,,,,,,,,,,,,,,,G,,,,,,,,,,,,,,,,,,
PP_0003GUP.3,,,,,,,,,,,,,,,,,,,,,,,,,G,,,,,,,,,,,,,,,,,,
PP_0003J50.3,,,,,,,,,,,,,,,,,,,,,,,,,G,,,,,,,,,,,,,,,,,,
PP_0003J8U.3,,,,,,,,,,,,,,,,,,,,,,,,,G,,,,,,,,,,,,,,,,,,
PP_0003JJ7.3,,,,,,,,,,,,,,,,,,,,,,,,,G,,,,,,,,,,,,,,,,,,
PP_0003JUM.3,,,,,,,,,,,,,,,,,,,,,,,,,G,,,,,,,,,,,,,,,,,,
PP_0003JWH.3,,,,,,,,,,,,,,,,,,,,,,,,,G,,,,,,,,,,,,,,,,,,
PP_0003JFE.3,,,,,,,,,,,,,,,,,,,,,,,,,G,,,,,,,,,,,,,,,,,,
PP_0003JNZ.3,,,,,,,,,,,,,,,,,,,,,,,,,G,,,,,,,,,,,,,,,,,,
PP_0003JM1.3,,,,,,,,,,,,,,,,,,,,,,,,,G,,,,,,,,,,,,,,,,,,
PP_0003GVM.3,,,,,,,,,,,,,,,,,,,,,,,,,G,,,,,,,,,,,,,,,,,,
PP_0003JCL.3,,,,,,,,,,,,,,,,,,,,,,,,,G,,,,,,,,,,,,,,,,,,
PP_0003J9S.3,,,,,,,,,,,,,,,,,,,,,,,,,G,,,,,,,,,,,,,,,,,,
PP_0003JAQ.3,,,,,,,,,,,,,,,,,,,,,,,,,G,,,,,,,,,,,,,,,,,,
PP_0003JSR.3,,,,,,,,,,,,,,,,,,,,,,,,,G,,,,,,,,,,,,,,,,,,
PP_0003KGB.3,,,,,,,,,,,,,,,,,,,,,,,,,G,,,,,,,,,,,,,,,,,,
PP_0003KH8.3,,,,,,,,,,,,,,,,,,,,,,,,,G,,,,,,,,,,,,,,,,,,
PP_0003LK3.3,,,,,,,,,,,,,,,,,,,,,,,,,G,,,,,,,,,,,,,,,,,,
PP_0003KQU.3,,,,,,,,,,,,,,,,,,,,,,,,,G,,,,,,,,,,,,,,,,,,
PP_0003KEF.3,,,,,,,,,,,,,,,,,,,,,,,,,G,,,,,,,,,,,,,,,,,,
PP_0003KM0.3,,,,,,,,,,,,,,,,,,,,,,,,,G,,,,,,,,,,,,,,,,,,
PP_0004GK5.3,,,,,,,,,,,,,,,,,,,,,,,,,G,,,,,,,,,,,,,,,,,,
PP_0004HAP.3,,,,,,,,,,,,,,,,,,,,,,,,,G,,,,,,,,,,,,,,,,,,
PP_0004CM5.3,,,,,,,,,,,,,,,,,,,,,,,,,G,,,,,,,,,,,,,,,,,,
PP_0003N8Q.3,,,,,,,,,,,,,,,,,,,,,,,,,G,,,,,,,,,,,,,,,,,,
PP_0004DFH.3,,,,,,,,,,,,,,,,,,,,,,,,,G,,,,,,,,,,,,,,,,,,
PP_0008AQT.3,,,,,,,,,,,,,,,,,,,,,,,,,G,,,,,,,,,,,,,,,,,,
PP_0004DGF.3,,,,,,,,,,,,,,,,,,,,,,,,,G,,,,,,,,,,,,,,,,,,
PP_0008ARR.3,,,,,,,,,,,,,,,,,,,,,,,,,G,,,,,,,,,,,,,,,,,,
PP_0004DHC.3,,,,,,,,,,,,,,,,,,,,,,,,,G,,,,,,,,,,,,,,,,,,
PP_0008APV.3,,,,,,,,,,,,,,,,,,,,,,,,,G,,,,,,,,,,,,,,,,,,
PP_0004DJA.3,,,,,,,,,,,,,,,,,,,,,,,,,G,,,,,,,,,,,,,,,,,,
PP_0008ANX.3,,,,,,,,,,,,,,,,,,,,,,,,,G,,,,,,,,,,,,,,,,,,
PP_0008P5K.3,,,,,,,,,,,,,,,,,,,,,,,,,,T,,,,,,,,,,,,,,,,,
PP_000JCN8.3,,,,,,,,,,,,,,,,,,,,,,,,,,A,,,,,,,,,,,,,,,,,
PP_0000ELD.3,,,,,,,,,,,,,,,,,,,,,,,,,,,,C,,,,,,,,,,,,,,,
PP_0000R25.3,,,,,,,,,,,,,,,,,,,,,,,,,,,,,,,GGACCCC,,,,,,,,,,,,
PP_000JCBX.3,,,,,,,,,,,,,,,,,,,,,,,,,,,,,,,,,,,,,,,,,C,,
PP_00034S5.3,,,,,,,,,,,,,,,,,,,,,,,,,,,,,,,,,,,,,,,,,,,TGACT
PP_000146G.3,,,,,,,,,,,,,,,,,,,,,,,,,,,,,,,,,,,,,,,,,,,AA
PP_0001HBT.3,,,,,,,,,,,,,,,,,,,,,,,,,,,,,,,,,,,,,,,,,,,TGACTCGTGGGCTGCTCGGC
